Workbook

Sheet Danh_sách_gia_vị
A1: Tính giá cost
A2: Tên gia vị | B2: Đơn vị tính | C2: Đơn giá | D2: Trọng lượng cho mỗi đơn vị (G) | E2: Giá cho 1g | G2: Công thức cho seasoning ngũ vị | H2: Trọng lượng (G) | I2: Giá cost | J2: Cost của 1g hoàn chỉnh | K2: Cost cho 10g gia vị | L2: Cost cho 15g gia vị
A3: Muối hồng | B3: Hủ | C3: 110000 | D3: 1000 | E3: =SUM(C3/D3) -> 110 | G3: Muối hồng | H3: 30 | I3: =H3*E3 -> 3300
A4: Bột nêm rau củ | B4: Bịch | C4: 200000 | D4: 1000 | E4: =SUM(C4/D4) -> 200 | G4: Bột nêm rau củ | H4: 20 | I4: =H4*E4 -> 4000
A5: Ngũ vị hương | B5: Hủ | C5: 31000 | D5: 40 | E5: =SUM(C5/D5) -> 775 | G5: Ngũ vị hương | H5: 10 | I5: =H5*E5 -> 7750
A6: Bộ̣t tỏi | B6: Hủ | C6: 34000 | D6: 70 | E6: =SUM(C6/D6) -> 485.71429 | G6: Bộ̣t tỏi | H6: 15 | I6: =H6*E6 -> 7285.7143
A7: Bột hành | B7: Hủ | C7: 45000 | D7: 70 | E7: =SUM(C7/D7) -> 642.85714 | G7: Bột hành | H7: 10 | I7: =H7*E7 -> 6428.5714
A8: Bột sả | B8: Hủ | C8: 26000 | D8: 40 | E8: =SUM(C8/D8) -> 650 | G8: Tiêu đen xay | H8: 5 | I8: =H8*E16 -> 750
A9: Bột ớt | B9: Hủ | C9: 24000 | D9: 45 | E9: =SUM(C9/D9) -> 533.33333 | G9: Bột nghệ | H9: 3 | I9: =H9*E13 -> 2314.2857
A10: Bột ngò | B10: Hủ | C10: 25000 | D10: 40 | E10: =SUM(C10/D10) -> 625 | G10: Đường mía | H10: 12 | I10: =H10*E15 -> 924
A11: Bột thì là | B11: Hủ | C11: 44000 | D11: 40 | E11: =C11/D11 -> 1100 | G11: Tổng cộng | H11: =SUM(H3:H10) -> 105 | I11: =SUM(I3:I10) -> 32752.571 | J11: =I11/H11 -> 311.92925 | K11: =J11*10 -> 3119.2925 | L11: =J11*15 -> 4678.9388
A12: Bột quế | B12: Hủ | C12: 24000 | D12: 35 | E12: =SUM(C12/D12) -> 685.71429
A13: Bột nghệ | B13: Hủ | C13: 27000 | D13: 35 | E13: =SUM(C13/D13) -> 771.42857 | G13: Công thức cho chanh sả | H13: Trọng lượng (G) | I13: Giá cost | J13: Cost của 1g hoàn chỉnh | K13: Cost cho 10g gia vị /1kg thịt | L13: Cost cho 15g gia vị /1kg thịt
A14: Bột gừng | B14: Hủ | C14: 32000 | D14: 40 | E14: =SUM(C14/D14) -> 800 | G14: Muối hồng | H14: 45 | I14: =H14*E3 -> 4950
A15: Đường mía | B15: Bịch | C15: 77000 | D15: 1000 | E15: =SUM(C15/D15) -> 77 | G15: Đường mía | H15: 20 | I15: =H15*E15 -> 1540
A16: Tiêu đen | B16: Hủ | C16: 150000 | D16: 1000 | E16: =SUM(C16/D16) -> 150 | G16: Sả bột | H16: 15 | I16: =H16*E8 -> 9750
A17: Mắc khén | B17: Hủ | C17: 43000 | D17: 20 | E17: =SUM(C17/D17) -> 2150 | G17: Bột hành | H17: 15 | I17: =H17*E7 -> 9642.8571
A18: Lá mùi tây | B18: Hủ | C18: 30000 | D18: 20 | E18: =SUM(C18/D18) -> 1500 | G18: Tiêu đen xay | H18: 10 | I18: =H18*E16 -> 1500
A19: Lá́ xạ hương | B19: Hủ | C19: 33000 | D19: 25 | E19: =SUM(C19/D19) -> 1320 | G19: Bột lá chanh | H19: 10 | I19: =H19*E24 -> 5200
A20: Lá húng quế basil | B20: Hủ | C20: 33000 | D20: 20 | E20: =SUM(C20/D20) -> 1650 | G20: Tổng cộng | H20: =SUM(H14:H19) -> 115 | I20: =SUM(I14:I19) -> 32582.857 | J20: =I20/H20 -> 283.32919 | K20: =J20*10 -> 2833.2919 | L20: =J20*15 -> 4249.9379
A21: Lá hương thảo (rosemary | B21: Hủ | C21: 33000 | D21: 25 | E21: =SUM(C21/D21) -> 1320
A22: Kinh giới tây oregano | B22: Bịch | C22: 30000 | D22: 10 | E22: =SUM(C22/D22) -> 3000 | G22: Công thức cho sả nghệ | H22: Trọng lượng (G) | I22: Giá cost | J22: Cost của 1g hoàn chỉnh | K22: Cost cho 10g gia vị /1kg thịt | L22: Cost cho 15g gia vị /1kg thịt
A23: Hạt dổi | B23: Bịch | C23: 60000 | D23: 50 | E23: =SUM(C23/D23) -> 1200 | G23: Bột tỏi | H23: 15 | I23: =SUM(H23*E6) -> 7285.7143
A24: Bột lá chanh | B24: Bịch | C24: 26000 | D24: 50 | E24: =SUM(C24/D24) -> 520 | G24: Bột cà ri | H24: 5 | I24: =H24*E27 -> 3000
A25: Hạt mè | B25: Bịch | C25: 100000 | D25: 1000 | E25: =SUM(C25/D25) -> 100 | G25: Tiêu đen xay | H25: 5 | I25: =H25*E16 -> 750
A26: Dầu điều | G26: Bột nghệ | H26: 10 | I26: =H26*E13 -> 7714.2857
A27: Bột cari | B27: Bịch | C27: 6000 | D27: 10 | E27: =SUM(C27/D27) -> 600 | G27: Bột nêm rau củ | H27: 15 | I27: =H27*E4 -> 3000
G28: Muối hồng | H28: 26 | I28: =H28*E3 -> 2860
G29: Bột sả | H29: 13 | I29: =H29*E8 -> 8450
G30: Bột ớt | H30: 7 | I30: =H30*E9 -> 3733.3333
G31: Tổng cộng | H31: =SUM(H23:H30) -> 96 | I31: =SUM(I23:I30) -> 36793.333 | J31: =I31/H31 -> 383.26389 | K31: =J31*10 -> 3832.6389 | L31: =J31*15 -> 5748.9583
G33: Công thức cho Tây bắc | H33: Trọng lượng (G) | I33: Giá cost | J33: Cost của 1g hoàn chỉnh | K33: Cost cho 10g gia vị /1kg thịt | L33: Cost cho 15g gia vị /1kg thịt
G34: Muối hồng | H34: 27 | I34: =H34*E3 -> 2970
G35: Tiêu đen xay | H35: 5 | I35: =H35*E16 -> 750
G36: Bột tỏi | H36: 15 | I36: =H36*E6 -> 7285.7143
G37: Bột nêm rau củ | H37: 27 | I37: =H37*E4 -> 5400
G38: Bột lá chanh | H38: 8 | I38: =H38*E24 -> 4160
G39: Dổi | H39: 8 | I39: =H39*E23 -> 9600
G40: Mắc khén | H40: 7 | I40: =H40*E17 -> 15050
G41: Bột sả | H41: 10 | I41: =H41*E8 -> 6500
G42: Bột hành | H42: 15 | I42: =H42*E7 -> 9642.8571
G43: Tổng cộng | H43: =SUM(H34:H42) -> 122 | I43: =SUM(I34:I42) -> 61358.571 | J43: =I43/H43 -> 502.93911 | K43: =J43*10 -> 5029.3911 | L43: =J43*15 -> 7544.0867
G45: Công thức cho Cajun | H45: Trọng lượng (G) | I45: Giá cost | J45: Cost của 1g hoàn chỉnh | K45: Cost cho 10g gia vị /1kg thịt | L45: Cost cho 15g gia vị /1kg thịt
G46: Muối hồng | H46: 27 | I46: =H46*E3 -> 2970
G47: Đường mía | H47: 13 | I47: =H47*E15 -> 1001
G48: Bột nêm rau củ | H48: 15 | I48: =H48*E4 -> 3000
G49: Bột ớt Paprika | H49: 15 | I49: =H49*E9 -> 8000
G50: Bột hành | H50: 12 | I50: =H50*E7 -> 7714.2857
G51: Bột tỏi | H51: 12 | I51: =H51*E6 -> 5828.5714
G52: Oregano (lá kinh giới) | H52: 5 | I52: =H52*E22 -> 15000
G53: Bột thì là | H53: 3 | I53: =H53*E11 -> 3300
G54: lá húng quế | H54: 2 | I54: =H54*E20 -> 3300
G55: Tổng cộng | H55: =SUM(H46:H54) -> 104 | I55: =SUM(I46:I54) -> 50113.857 | J55: =I55/H55 -> 481.86401 | K55: =J55*10 -> 4818.6401 | L55: =J55*15 -> 7227.9602
G57: Công thức cho Mè Rang | H57: Trọng lượng (G) | I57: Giá cost | J57: Cost của 1g hoàn chỉnh | K57: Cost cho 10g gia vị /1kg thịt | L57: Cost cho 15g gia vị /1kg thịt
G58: Mè rang | H58: 30 | I58: =H58*E25 -> 3000
G59: Muối hồng | H59: 39 | I59: =H59*E3 -> 4290
G60: Đường mía | H60: 15 | I60: =H60*E15 -> 1155
G61: Bột nêm rau củ | H61: 22 | I61: =H61*E5 -> 17050
G62: Bộ̣t gừng | H62: 4 | I62: =H62*E14 -> 3200
G63: Bột hành | H63: 30 | I63: =H63*E7 -> 19285.714
G64: Tổng cộng | H64: =SUM(H58:H63) -> 140 | I64: =SUM(I58:I63) -> 47980.714 | J64: =I64/H64 -> 342.71939 | K64: =J64*10 -> 3427.1939 | L64: =J64*15 -> 5140.7908
G67: Công thức cho Gừng tỏi | H67: Trọng lượng (G) | I67: Giá cost | J67: Cost của 1g hoàn chỉnh | K67: Cost cho 10g gia vị /1kg thịt | L67: Cost cho 15g gia vị /1kg thịt
G68: Bột gừng | H68: 15 | I68: =H68*E14 -> 12000
G69: Tiêu đen | H69: 15 | I69: =H69*E16 -> 2250
G70: Muối hồng | H70: 39 | I70: =H70*E3 -> 4290
G71: Đường mía | H71: 7 | I71: =H71*E15 -> 539
G72: Bột tỏi | H72: 30 | I72: =H72*E6 -> 14571.429
G73: Bột nêm rau củ | H73: 29 | I73: =H73*E4 -> 5800
G74: Tổng cộng | H74: =SUM(H68:H73) -> 135 | I74: =SUM(I68:I73) -> 39450.429 | J74: =I74/H74 -> 292.2254 | K74: =J74*10 -> 2922.254 | L74: =J74*15 -> 4383.381
G76: Công thức cho Cà ri | H76: Trọng lượng (G) | I76: Giá cost | J76: Cost của 1g hoàn chỉnh | K76: Cost cho 10g gia vị /1kg thịt | L76: Cost cho 15g gia vị /1kg thịt
G77: Muối hồng | H77: 25 | I77: =H77*E3 -> 2750
G78: Bột nêm rau củ | H78: 40 | I78: =H78*E4 -> 8000
G79: Lá chanh | H79: 10 | I79: =H79*E24 -> 5200
G80: Đường mía | H80: 20 | I80: =H80*E15 -> 1540
G81: Bộ̣t cà ri | H81: 12.5 | I81: =H81*E27 -> 7500
G82: Tiêu | H82: 15 | I82: =H82*E16 -> 2250
G83: Tổng cộng | H83: =SUM(H77:H82) -> 122.5 | I83: =SUM(I77:I82) -> 27240 | J83: =I83/H83 -> 222.36735 | K83: =J83*10 -> 2223.6735 | L83: =J83*15 -> 3335.5102
G85: Công thức cho Kiểu Âu | H85: Trọng lượng (G) | I85: Giá cost | J85: Cost của 1g hoàn chỉnh | K85: Cost cho 10g gia vị /1kg thịt | L85: Cost cho 15g gia vị /1kg thịt
G86: Muối hồng | H86: 32 | I86: =H86*E3 -> 3520
G87: Bột nêm rau củ | H87: 26 | I87: =H87*E4 -> 5200
G88: Đường mía | H88: 10 | I88: =H88*E15 -> 770
G89: Kinh giới | H89: 10 | I89: =H89*E22 -> 30000
G90: Tiêu đen | H90: 8 | I90: =H90*E16 -> 1200
G91: Hương thảo | H91: 6 | I91: =H91*E21 -> 7920
G92: Bột tỏi | H92: 20 | I92: =H92*E6 -> 9714.2857
G93: Paprika | H93: 6 | I93: =H93*E9 -> 3200
G94: Húng quế | H94: 4 | I94: =H94*E20 -> 6600
G95: Tổng cộng | H95: =SUM(H86:H94) -> 122 | I95: =SUM(I86:I94) -> 68124.286 | J95: =I95/H95 -> 558.39578 | K95: =J95*10 -> 5583.9578 | L95: =J95*15 -> 8375.9368
G97: Công thức cho Kiểu Ý | H97: Trọng lượng (G) | I97: Giá cost | J97: Cost của 1g hoàn chỉnh | K97: Cost cho 10g gia vị /1kg thịt | L97: Cost cho 15g gia vị /1kg thịt
G98: Muối hồng | H98: 30 | I98: =H98*E3 -> 3300
G99: Bột nêm rau củ | H99: 28 | I99: =H99*E4 -> 5600
G100: Tiêu đen | H100: 9 | I100: =H100*E16 -> 1350
G101: Đường | H101: 12 | I101: =H101*E15 -> 924
G102: Bột tỏi | H102: 24 | I102: =H102*E6 -> 11657.143
G103: paprika | H103: 6 | I103: =H103*E9 -> 3200
G104: Oregano | H104: 10 | I104: =H104*E22 -> 30000
G105: Basil | H105: 4 | I105: =H105*E20 -> 6600
G106: Rosemary | H106: 5 | I106: =H106*E21 -> 6600
G107: Tổng cộng | H107: =SUM(H98:H106) -> 128 | I107: =SUM(I98:I106) -> 69231.143 | J107: =I107/H107 -> 540.8683 | K107: =J107*10 -> 5408.683 | L107: =J107*15 -> 8113.0246
G109: Công thức cho Tiêu Chanh | H109: Trọng lượng (G) | I109: Giá cost | J109: Cost của 1g hoàn chỉnh | K109: Cost cho 10g gia vị /1kg thịt | L109: Cost cho 15g gia vị /1kg thịt
...

Sheet Tính_giá_vốn_món_chính
A1: Tính giá cost | K1: Gà cajun 1KG/10bich 100g | L1: Đơn vị tính | M1: Số lượng | N1: Giá cost | O1: Cost của 100g hoàn chỉnh | P1: Giá sỉ lãi 30% | Q1: Thuế | R1: Giá bán lãi 40% | S1: Thuế
A2: Tên gia vị | B2: Đơn vị tính | C2: Đơn giá | D2: Trọng lượng cho mỗi đơn vị (G) | E2: Giá cho 1g | K2: Ức gà | L2: G | M2: 1000 | N2: 70000
A3: Túi hút chân không | B3: Cái | C3: 60000 | D3: 100 | E3: =SUM(C3/D3) -> 600 | K3: gia vị cajun | L3: G | M3: 15 | N3: =M3*'Danh_sách_gia_vị'!J55 -> 7227.9602
A4: Dầu ăn hướng dương | B4: Chai/Lít | C4: 85000 | D4: 1000 | E4: =SUM(C4/D4) -> 85 | K4: Tỏi băm + trang trí | L4: G | M4: 20 | N4: =M4*E17 -> 1000
A5: Bao tay | B5: Cái | C5: 92000 | D5: 100 | E5: =SUM(C5/D5) -> 920 | K5: Giấy | L5: tờ | M5: 6 | N5: =M5*E6 -> 1020
A6: Khăn giấy bếp 2 lớp | B6: Tờ | C6: 34000 | D6: 200 | E6: =SUM(C6/D6) -> 170 | K6: Bao tay | L6: Cái | M6: 2 | N6: =M6*E5 -> 1840
A7: Thăn heo (nạc) | B7: KG | C7: 111000 | D7: 694 | E7: =SUM(C7/D7) -> 159.94236 | K7: Túi hút | L7: Cái | M7: 10 | N7: =M7*E3 -> 6000
A8: Cốt lết | B8: KG | C8: 105000 | D8: 1000 | E8: =SUM(C8/D8) -> 105 | K8: Dầu | L8: G | M8: 20 | N8: =M8*E4 -> 1700
A9: Nạt vai | B9: KG | C9: 110000 | D9: 1000 | E9: =SUM(C9/D9) -> 110 | K9: Phát sinh phụ | L9: KG | M9: 1000 | N9: =M9*E20 -> 50000
A10: Tôm thẻ | B10: KG | C10: 360000 | D10: 1000 | E10: =SUM(C10/D10) -> 360 | K10: Tem nhãn | L10: Cái | M10: 10 | N10: =M10*E21 -> 7300
A11: Cá thu nguyên lát | B11: KG | C11: 190000 | D11: 1000 | E11: =SUM(C11/D11) -> 190 | K11: Túi giữ nhiệt | L11: Gói | M11: 10 | N11: =M11*E22 -> 18000
A12: Ức gà bình điền | B12: KG | C12: 65000 | D12: 1000 | E12: =SUM(C12/D12) -> 65 | K12: Tổng cộng | N12: =SUM(N2:N11) -> 164087.96 | O12: =N12/10 -> 16408.796 | P12: =O12*1.3 -> 21331.435 | Q12: =P12*1.045 -> 22291.349 | R12: =P12*1.3 -> 27730.865 | S12: =R12*1.045 -> 28978.754
A13: Đù̀i bòi gà | B13: KG | C13: 68000 | D13: 1000 | E13: =SUM(C13/D13) -> 68 | K13: Gà ngũ vị 1KG/10bich 100g | L13: Đơn vị tính | M13: Số lượng | N13: Giá cost | O13: Cost của 100g hoàn chỉnh | P13: Giá sỉ lãi 30% | Q13: Thuế | R13: Giá bán lãi 40% | S13: Thuế
A14: Thịt bò thăn | B14: KG | C14: 295000 | D14: 1000 | E14: =SUM(C14/D14) -> 295 | K14: Ức gà | L14: G | M14: 1000 | N14: 70000
A15: Đùi bò | B15: KG | C15: 260000 | D15: 1000 | E15: =SUM(C15/D15) -> 260 | K15: gia vị ngũ vị | L15: G | M15: 15 | N15: =M15*'Danh_sách_gia_vị'!J11 -> 4678.9388
A16: Cá chẻm phi lê | B16: KG | C16: 190000 | D16: 1000 | E16: =SUM(C16/D16) -> 190 | K16: Tỏi băm + trang trí | L16: G | M16: 20 | N16: =M16*E17 -> 1000
A17: Tỏi và trang trí | B17: KG | C17: 50000 | D17: 1000 | E17: =SUM(C17/D17) -> 50 | K17: Giấy | L17: tờ | M17: 6 | N17: =M17*E6 -> 1020
A18: Cá hồi | B18: KG | C18: 380000 | D18: 1000 | E18: =SUM(C18/D18) -> 380 | K18: Bao tay | L18: Cái | M18: 2 | N18: =M18*E5 -> 1840
A19: Cá tầm | B19: KG | C19: 200000 | D19: 1000 | E19: =SUM(C19/D19) -> 200 | K19: Túi hút | L19: Cái | M19: 10 | N19: =M19*E3 -> 6000
A20: Phát sinh phụ (công, dụng cụ) | B20: KG | C20: 50000 | D20: 1000 | E20: =SUM(C20/D20) -> 50 | K20: Dầu | L20: G | M20: 20 | N20: =M20*E4 -> 1700
A21: Tem nhãn | B21: Cái | C21: =340000+25000 -> 365000 | D21: 500 | E21: =SUM(C21/D21) -> 730 | K21: Phát sinh phụ | L21: KG | M21: 1000 | N21: =M21*E20 -> 50000
A22: Túi giữ nhiệt | B22: Gói | C22: 9000 | D22: 5 | E22: =SUM(C22/D22) -> 1800 | K22: Tem nhãn | L22: Cái | M22: 10 | N22: =M22*E21 -> 7300
K23: Túi giữ nhiệt | L23: Gói | M23: 10 | N23: =M23*E22 -> 18000
K24: Tổng cộng | N24: =SUM(N14:N23) -> 161538.94 | O24: =N24/10 -> 16153.894 | P24: =O24*1.3 -> 21000.062 | Q24: =P24*1.045 -> 21945.065 | R24: =P24*1.3 -> 27300.081 | S24: =R24*1.045 -> 28528.584
A25: Thăn bò ngũ vị 1KG/10bich 100g | B25: Đơn vị tính | C25: Số lượng | D25: Giá cost | E25: Cost của 100g hoàn chỉnh | F25: Giá sỉ lãi 30% | G25: Thuế | H25: Giá bán lãi 30% | I25: Thuế | K25: Gà gừng tỏi 1KG/10bich 100g | L25: Đơn vị tính | M25: Số lượng | N25: Giá cost | O25: Cost của 100g hoàn chỉnh | P25: Giá sỉ lãi 30% | Q25: Thuế | R25: Giá bán lãi 40% | S25: Thuế
A26: Thăn bò | B26: G | C26: 1000 | D26: =C26*E14 -> 295000 | K26: Ức gà | L26: G | M26: 1000 | N26: =M26*E12 -> 65000
A27: gia vị ngũ vị | B27: G | C27: 15 | D27: =C27*'Danh_sách_gia_vị'!J43 -> 7544.0867 | K27: gia vị gừng tỏi | L27: G | M27: 15 | N27: =M27*'Danh_sách_gia_vị'!J74 -> 4383.381
A28: Tỏi băm + trang trí | B28: G | C28: 20 | D28: =C28*E17 -> 1000 | K28: Tỏi băm + trang trí | L28: G | M28: 20 | N28: =M28*E17 -> 1000
A29: Giấy | B29: tờ | C29: 6 | D29: =C29*E6 -> 1020 | K29: Giấy | L29: tờ | M29: 6 | N29: =M29*E6 -> 1020
A30: Bao tay | B30: Cái | C30: 2 | D30: =C30*E5 -> 1840 | K30: Bao tay | L30: Cái | M30: 2 | N30: =M30*E5 -> 1840
A31: Túi hút | B31: Cái | C31: 10 | D31: =C31*E3 -> 6000 | K31: Túi hút | L31: Cái | M31: 10 | N31: =M31*E3 -> 6000
A32: Dầu | B32: G | C32: 20 | D32: =C32*E4 -> 1700 | K32: Dầu | L32: G | M32: 20 | N32: =M32*E4 -> 1700
A33: Phát sinh phụ | B33: KG | C33: 1000 | D33: =C33*E20 -> 50000 | K33: Phát sinh phụ | L33: KG | M33: 1000 | N33: =M33*E20 -> 50000
A34: Tem nhãn | B34: Cái | C34: 10 | D34: =C34*E21 -> 7300 | K34: Tem nhãn | L34: Cái | M34: 10 | N34: =M34*E21 -> 7300
A35: Túi giữ nhiệt | B35: Gói | C35: 10 | D35: =C35*E22 -> 18000 | K35: Túi giữ nhiệt | L35: Gói | M35: 10 | N35: =M35*E22 -> 18000
A36: Tổng cộng | D36: =SUM(D26:D35) -> 389404.09 | E36: =D36/10 -> 38940.409 | F36: =E36*1.3 -> 50622.531 | G36: =F36*1.015 -> 51381.869 | H36: =F36*1.3 -> 65809.291 | I36: =H36*1.015 -> 66796.43 | K36: Tổng cộng | N36: =SUM(N26:N35) -> 156243.38 | O36: =N36/10 -> 15624.338 | P36: =O36*1.3 -> 20311.64 | Q36: =P36*1.045 -> 21225.663 | R36: =P36*1.3 -> 26405.131 | S36: =R36*1.045 -> 27593.362
A37: Thăn bò tây bắc 1KG/10bich 100g | B37: Đơn vị tính | C37: Số lượng | D37: Giá cost | E37: Cost của 100g hoàn chỉnh | F37: Giá sỉ lãi 30% | G37: Thuế | H37: Giá bán lãi 30% | I37: Thuế | K37: Ức gà sả chanh 1KG/10bich 100g | L37: Đơn vị tính | M37: Số lượng | N37: Giá cost | O37: Cost của 100g hoàn chỉnh | P37: Giá sỉ lãi 30% | Q37: Thuế | R37: Giá bán lãi 40% | S37: Thuế
A38: Thăn bò | B38: G | C38: 1000 | D38: =C38*E14 -> 295000 | K38: Ức gà | L38: G | M38: 1000 | N38: =M38*E12 -> 65000
A39: gia vị tây bắc | B39: G | C39: 15 | D39: =C39*'Danh_sách_gia_vị'!J43 -> 7544.0867 | K39: gia vị sả chanh | L39: G | M39: 15 | N39: =M39*'Danh_sách_gia_vị'!J20 -> 4249.9379
A40: Tỏi băm + trang trí | B40: G | C40: 20 | D40: =C40*E17 -> 1000 | K40: Tỏi băm + trang trí | L40: G | M40: 20 | N40: =M40*E17 -> 1000
A41: Giấy | B41: tờ | C41: 6 | D41: =C41*E6 -> 1020 | K41: Giấy | L41: tờ | M41: 6 | N41: =M41*E6 -> 1020
A42: Bao tay | B42: Cái | C42: 2 | D42: =C42*E5 -> 1840 | K42: Bao tay | L42: Cái | M42: 2 | N42: =M42*E5 -> 1840
A43: Túi hút | B43: Cái | C43: 10 | D43: =C43*E3 -> 6000 | K43: Túi hút | L43: Cái | M43: 10 | N43: =M43*E3 -> 6000
A44: Dầu | B44: G | C44: 20 | D44: =C44*E4 -> 1700 | K44: Dầu | L44: G | M44: 20 | N44: =M44*E4 -> 1700
A45: Phát sinh phụ | B45: KG | C45: 1000 | D45: =C45*E20 -> 50000 | K45: Phát sinh phụ | L45: KG | M45: 1000 | N45: =M45*E20 -> 50000
A46: Tem nhãn | B46: Cái | C46: 10 | D46: =C46*E21 -> 7300 | K46: Tem nhãn | L46: Cái | M46: 10 | N46: =M46*E21 -> 7300
A47: Túi giữ nhiệt | B47: Gói | C47: 10 | D47: =C47*E22 -> 18000 | K47: Túi giữ nhiệt | L47: Gói | M47: 10 | N47: =M47*E22 -> 18000
A48: Tổng cộng | D48: =SUM(D38:D47) -> 389404.09 | E48: =D48/10 -> 38940.409 | F48: =E48*1.3 -> 50622.531 | G48: =F48*1.045 -> 52900.545 | H48: =F48*1.3 -> 65809.291 | I48: =H48*1.045 -> 68770.709 | N48: =SUM(N38:N47) -> 156109.94 | O48: =N48/10 -> 15610.994 | P48: =O48*1.3 -> 20294.292 | Q48: =P48*1.045 -> 21207.535 | R48: =P48*1.3 -> 26382.579 | S48: =R48*1.045 -> 27569.796
A49: Thăn bò Cajuṇ 1KG/10bich 100g | B49: Đơn vị tính | C49: Số lượng | D49: Giá cost | E49: Cost của 100g hoàn chỉnh | F49: Giá sỉ lãi 30% | G49: Thuế | H49: Giá bán lãi 30% | I49: Thuế | K49: Gà cà ri 1KG/10bich 100g | L49: Đơn vị tính | M49: Số lượng | N49: Giá cost | O49: Cost của 100g hoàn chỉnh | P49: Giá sỉ lãi 30% | Q49: Thuế | R49: Giá bán lãi 40% | S49: Thuế
A50: Thăn bò | B50: G | C50: 1000 | D50: =C50*E14 -> 295000 | K50: Ức gà | L50: G | M50: 1000 | N50: =M50*E12 -> 65000
A51: gia vị Cajun | B51: G | C51: 15 | D51: =C51*'Danh_sách_gia_vị'!J55 -> 7227.9602 | K51: gia vị cà ri | L51: G | M51: 15 | N51: =M51*'Danh_sách_gia_vị'!J83 -> 3335.5102
A52: Tỏi băm + trang trí | B52: G | C52: 20 | D52: =C52*E17 -> 1000 | K52: Tỏi băm + trang trí | L52: G | M52: 20 | N52: =M52*E17 -> 1000
A53: Giấy | B53: tờ | C53: 6 | D53: =C53*E6 -> 1020 | K53: Giấy | L53: tờ | M53: 6 | N53: =M53*E6 -> 1020
A54: Bao tay | B54: Cái | C54: 2 | D54: =C54*E5 -> 1840 | K54: Bao tay | L54: Cái | M54: 2 | N54: =M54*E5 -> 1840
A55: Túi hút | B55: Cái | C55: 10 | D55: =C55*E3 -> 6000 | K55: Túi hút | L55: Cái | M55: 10 | N55: =M55*E3 -> 6000
A56: Dầu | B56: G | C56: 20 | D56: =C56*E4 -> 1700 | K56: Dầu | L56: G | M56: 20 | N56: =M56*E4 -> 1700
A57: Phát sinh phụ | B57: KG | C57: 1000 | D57: =C57*E20 -> 50000 | K57: Phát sinh phụ | L57: KG | M57: 1000 | N57: =M57*E20 -> 50000
A58: Tem nhãn | B58: Cái | C58: 10 | D58: =C58*E21 -> 7300 | K58: Tem nhãn | L58: Cái | M58: 10 | N58: =M58*E21 -> 7300
A59: Túi giữ nhiệt | B59: Gói | C59: 10 | D59: =C59*E22 -> 18000 | K59: Túi giữ nhiệt | L59: Gói | M59: 10 | N59: =M59*E22 -> 18000
A60: Tổng cộng | D60: =SUM(D50:D59) -> 389087.96 | E60: =D60/10 -> 38908.796 | F60: =E60*1.3 -> 50581.435 | G60: =F60*1.045 -> 52857.599 | H60: =F60*1.3 -> 65755.865 | I60: =H60*1.045 -> 68714.879 | K60: Tổng cộng | N60: =SUM(N50:N59) -> 155195.51 | O60: =N60/10 -> 15519.551 | P60: =O60*1.3 -> 20175.416 | Q60: =P60*1.045 -> 21083.31 | R60: =P60*1.3 -> 26228.041 | S60: =R60*1.045 -> 27408.303
A62: Tôm gừng tỏi 1KG/10bich 100g | B62: Đơn vị tính | C62: Số lượng | D62: Giá cost | E62: Cost của 100g hoàn chỉnh | F62: Giá sỉ lãi 30% | G62: Thuế | H62: Giá bán lãi 30% | I62: Thuế | K62: Cốt lết mè rang 1KG/10bich 100g | L62: Đơn vị tính | M62: Số lượng | N62: Giá cost | O62: Cost của 100g hoàn chỉnh | P62: Giá sỉ lãi 30% | Q62: Thuế | R62: Giá bán lãi 30% | S62: Thuế
A63: Tôm | B63: G | C63: 1000 | D63: =C63*E10 -> 360000 | K63: Sườn cốt lết | L63: G | M63: 1000 | N63: =M63*E8 -> 105000
A64: gia vị gừng tỏi | B64: G | C64: 15 | D64: =C64*'Danh_sách_gia_vị'!J74 -> 4383.381 | K64: gia vị mè rang | L64: G | M64: 15 | N64: =M64*'Danh_sách_gia_vị'!J64 -> 5140.7908
A65: Tỏi băm + trang trí | B65: G | C65: 20 | D65: =C65*E17 -> 1000 | K65: Tỏi băm + trang trí | L65: G | M65: 20 | N65: =M65*E17 -> 1000
A66: Giấy | B66: tờ | C66: 10 | D66: =C66*E6 -> 1700 | K66: Giấy | L66: tờ | M66: 6 | N66: =M66*E6 -> 1020
A67: Bao tay | B67: Cái | C67: 2 | D67: =C67*E5 -> 1840 | K67: Bao tay | L67: Cái | M67: 2 | N67: =M67*E5 -> 1840
A68: Túi hút | B68: Cái | C68: 10 | D68: =C68*E3 -> 6000 | K68: Túi hút | L68: Cái | M68: 10 | N68: =M68*E3 -> 6000
A69: Dầu | B69: G | C69: 20 | D69: =C69*E4 -> 1700 | K69: Dầu | L69: G | M69: 20 | N69: =M69*E4 -> 1700
A70: Phát sinh phụ khác ước tính | B70: KG | C70: 1000 | D70: =C70*E20 -> 50000 | K70: Phát sinh phụ | L70: KG | M70: 1000 | N70: =M70*E20 -> 50000
A71: Tem nhãn | B71: Cái | C71: 10 | D71: =C71*E21 -> 7300 | K71: Tem nhãn | L71: Cái | M71: 10 | N71: =M71*E21 -> 7300
A72: Túi giữ nhiệt | B72: Gói | C72: 10 | D72: =C72*E22 -> 18000 | K72: Túi giữ nhiệt | L72: Gói | M72: 10 | N72: =M72*E22 -> 18000
A73: Tổng cộng | D73: =SUM(D63:D72) -> 451923.38 | E73: =D73/10 -> 45192.338 | F73: =E73*1.3 -> 58750.04 | G73: =F73*1.045 -> 61393.791 | H73: =F73*1.3 -> 76375.051 | I73: =H73*1.045 -> 79811.929 | K73: Tổng cộng | N73: =SUM(N63:N72) -> 197000.79 | O73: =N73/10 -> 19700.079 | P73: =O73*1.3 -> 25610.103 | Q73: =P73*1.045 -> 26762.557 | R73: =P73*1.3 -> 33293.134 | S73: =R73*1.045 -> 34791.325
A74: Tôm cajun KG/10bich 100g | B74: Đơn vị tính | C74: Số lượng | D74: Giá cost | E74: Cost của 100g hoàn chỉnh | F74: Giá sỉ lãi 30% | G74: Thuế | H74: Giá bán lãi 30% | I74: Thuế | K74: Cốt lết gừng tỏi 1KG/10bich 100g | L74: Đơn vị tính | M74: Số lượng | N74: Giá cost | O74: Cost của 100g hoàn chỉnh | P74: Giá sỉ lãi 30% | Q74: Thuế | R74: Giá bán lãi 30% | S74: Thuế
A75: Tôm | B75: G | C75: 1000 | D75: =C75*E10 -> 360000 | K75: Sườn cốt lết | L75: G | M75: 1000 | N75: =M75*E8 -> 105000
A76: gia vị Cajun | B76: G | C76: 15 | D76: =C76*'Danh_sách_gia_vị'!J55 -> 7227.9602 | K76: gia vị gừng tỏi | L76: G | M76: 15 | N76: =M76*'Danh_sách_gia_vị'!J74 -> 4383.381
A77: Tỏi băm + trang trí | B77: G | C77: 20 | D77: =C77*E17 -> 1000 | K77: Tỏi băm + trang trí | L77: G | M77: 20 | N77: =M77*E17 -> 1000
A78: Giấy | B78: tờ | C78: 10 | D78: =C78*E6 -> 1700 | K78: Giấy | L78: tờ | M78: 6 | N78: =M78*E6 -> 1020
A79: Bao tay | B79: Cái | C79: 2 | D79: =C79*E5 -> 1840 | K79: Bao tay | L79: Cái | M79: 2 | N79: =M79*E5 -> 1840
A80: Túi hút | B80: Cái | C80: 10 | D80: =C80*E3 -> 6000 | K80: Túi hút | L80: Cái | M80: 10 | N80: =M80*E3 -> 6000
A81: Dầu | B81: G | C81: 20 | D81: =C81*E4 -> 1700 | K81: Dầu | L81: G | M81: 20 | N81: =M81*E4 -> 1700
A82: Phát sinh phụ khác ước tính | B82: KG | C82: 1000 | D82: =C82*E20 -> 50000 | K82: Phát sinh phụ | L82: KG | M82: 1000 | N82: =M82*E20 -> 50000
A83: Tem nhãn | B83: Cái | C83: 10 | D83: =C83*E21 -> 7300 | K83: Tem nhãn | L83: Cái | M83: 10 | N83: =M83*E21 -> 7300
A84: Túi giữ nhiệt | B84: Gói | C84: 10 | D84: =C84*E22 -> 18000 | K84: Túi giữ nhiệt | L84: Gói | M84: 10 | N84: =M84*E22 -> 18000
A85: Tổng cộng | D85: =SUM(D75:D84) -> 454767.96 | E85: =D85/10 -> 45476.796 | F85: =E85*1.3 -> 59119.835 | G85: =F85*1.045 -> 61780.227 | H85: =F85*1.3 -> 76855.785 | I85: =H85*1.045 -> 80314.296 | K85: Tổng cộng | N85: =SUM(N75:N84) -> 196243.38 | O85: =N85/10 -> 19624.338 | P85: =O85*1.3 -> 25511.64 | Q85: =P85*1.045 -> 26659.663 | R85: =P85*1.3 -> 33165.131 | S85: =R85*1.045 -> 34657.562
A86: Tôm tiêu chanh KG/10bich 100g | B86: Đơn vị tính | C86: Số lượng | D86: Giá cost | E86: Cost của 100g hoàn chỉnh | F86: Giá sỉ lãi 30% | G86: Thuế | H86: Giá bán lãi 30% | I86: Thuế | K86: Nạt heo sả nghệ 1KG/10bich 100g | L86: Đơn vị tính | M86: Số lượng | N86: Giá cost | O86: Cost của 100g hoàn chỉnh | P86: Giá sỉ lãi 30% | Q86: Thuế | R86: Giá bán lãi 30% | S86: Thuế
A87: Tôm | B87: G | C87: 1000 | D87: =C87*E10 -> 360000 | K87: Nạt heo | L87: G | M87: 1000 | N87: =M87*E9 -> 110000
A88: gia vị tiêu chanh | B88: G | C88: 15 | D88: =C88*'Danh_sách_gia_vị'!J118 -> 3407.6601 | K88: gia vị sả nghệ | L88: G | M88: 15 | N88: =M88*'Danh_sách_gia_vị'!J31 -> 5748.9583
A89: Tỏi băm + trang trí | B89: G | C89: 20 | D89: =C89*E17 -> 1000 | K89: Tỏi băm + trang trí | L89: G | M89: 20 | N89: =M89*E17 -> 1000
A90: Giấy | B90: tờ | C90: 10 | D90: =C90*E6 -> 1700 | K90: Giấy | L90: tờ | M90: 6 | N90: =M90*E6 -> 1020
A91: Bao tay | B91: Cái | C91: 2 | D91: =C91*E5 -> 1840 | K91: Bao tay | L91: Cái | M91: 2 | N91: =M91*E5 -> 1840
A92: Túi hút | B92: Cái | C92: 10 | D92: =C92*E3 -> 6000 | K92: Túi hút | L92: Cái | M92: 10 | N92: =M92*E3 -> 6000
A93: Dầu | B93: G | C93: 20 | D93: =C93*E4 -> 1700 | K93: Dầu | L93: G | M93: 20 | N93: =M93*E4 -> 1700
A94: Phát sinh phụ khác ước tính | B94: KG | C94: 1000 | D94: =C94*E20 -> 50000 | K94: Phát sinh phụ | L94: KG | M94: 1000 | N94: =M94*E20 -> 50000
A95: Tem nhãn | B95: Cái | C95: 10 | D95: =C95*E21 -> 7300 | K95: Tem nhãn | L95: Cái | M95: 10 | N95: =M95*E21 -> 7300
A96: Túi giữ nhiệt | B96: Gói | C96: 10 | D96: =C96*E22 -> 18000 | K96: Túi giữ nhiệt | L96: Gói | M96: 10 | N96: =M96*E22 -> 18000
A97: Tổng cộng | D97: =SUM(D87:D96) -> 450947.66 | E97: =D97/10 -> 45094.766 | F97: =E97*1.3 -> 58623.196 | G97: =F97*1.045 -> 61261.24 | H97: =F97*1.3 -> 76210.155 | I97: =H97*1.045 -> 79639.612 | K97: Tổng cộng | N97: =SUM(N87:N95) -> 184608.96 | O97: =N97/10 -> 18460.896 | P97: =O97*1.3 -> 23999.165 | Q97: =P97*1.045 -> 25079.127 | R97: =P97*1.3 -> 31198.914 | S97: =R97*1.045 -> 32602.865
K98: Nạt heo ngũ vị 1KG/10bich 100g | L98: Đơn vị tính | M98: Số lượng | N98: Giá cost | O98: Cost của 100g hoàn chỉnh | P98: Giá sỉ lãi 30% | Q98: Thuế | R98: Giá bán lãi 30% | S98: Thuế
A99: Cá thu cà ri KG/10bich 100g | B99: Đơn vị tính | C99: Số lượng | D99: Giá cost | E99: Cost của 100g hoàn chỉnh | F99: Giá sỉ lãi 30% | G99: Thuế | H99: Giá bán lãi 30% | I99: Thuế | K99: Nạt heo | L99: G | M99: 1000 | N99: =M99*E9 -> 110000
A100: Cá thu | B100: G | C100: 1000 | D100: =C100*E11 -> 190000 | K100: gia vị ngũ vị | L100: G | M100: 15 | N100: =M100*'Danh_sách_gia_vị'!J11 -> 4678.9388
A101: gia vị Cajun | B101: G | C101: 15 | D101: =C101*'Danh_sách_gia_vị'!J55 -> 7227.9602 | K101: Tỏi băm + trang trí | L101: G | M101: 20 | N101: =M101*E20 -> 1000
...

Sheet Nhân_viên
A1: Tên Nhân Viên (KHÔNG ĐƯỢC TRÙNG) | B1: SĐT | C1: Địa chỉ | D1: Ghi chú
A2: Hằng | F2: Thông tin Nhân Viên không cho phép trùng
A3: Uyên
A4: Thảo
A5: Hằng
A6: Hà
A7: Khách page

Sheet Hướng dẫn
A1: MEALFIT - Quy trình mới
A2: 1 | B2: Nhập khách mới ở sheet Khach_hang. (ví dụ Anh Quân hay Chị Nga theo từng hàng)
A3: 2 | B3: Tạo đơn mới ở sheet Don_hang: chỉ cần nhập Ngày, Tên KH, Đã thanh toán, Trạng thái đơn, Ghi chú (những cái khác nhập tiếp ở Sheet sau).
A4: 3 | B4: Thêm các món của đơn hàng ở sheet Chi_tiet_don_hang: nhập Mã đơn có ghi ở chỗ Sheet Don_Hang, Món, Trọng lượng, Số lượng.
A5: 4 | B5: Tổng SL, Tổng tiền, Còn lại và Trạng thái thanh toán sẽ tự tính ở sheet Don_hang.
A6: 5 | B6: Các sheet CŨ* là dữ liệu cũ để tham chiếu, không cần nhập thêm vào đó.
A7: Lưu ý | B7: Các sheet mới dùng tên không dấu để tránh lỗi parse khi mở bằng Google Sheets.
A8: HƯỚNG DẪN THÊM MÓN | B8: 1. Khi thêm món mới, tạo món trong sheet Tính_giá_vốn_món_chính, ghi nhớ giá vốn hoàn chỉnh cho 100g, 2. Cập nhật món vào menu trong sheet Thuc_don, nhập cột tô vàng: Cột A: Tên món Cột B: Giá bán 100g Cột E: Giá bán 150g Cột H: Giá bán 200g 3. Ở cột C, nối công thức đến ô giá vốn 100g của món mới trong sheet Tinh_gia_von_mon_chinh. Ví dụ: "=Tinh_gia_von_mon_chinh!O97" 4. Copy công thức từ dòng món phía trên xuống các cột tô xám: Cột D: Lợi nhuận 100g Cột F: Giá vốn 150g Cột G: Lợi nhuận 150g Cột I: Giá vốn 200g Cột J: Lợi nhuận 200g 5. Cập nhật vào sheet Bang_gia, mỗi món là tương ứng với 3 dòng trong bảng (100g, 150g, 200g). Có 3 cột D, E, F sẽ chạy theo giá từ trong sheet Thuc_don => Quy trình là cập nhật vào Tính_giá_vốn_món_chính -> Thuc_don -> Bang_gia
A9: TÍNH NĂNG COMBO | B9: 1. Quản lý combo ở sheet Combo_master và Combo_chi_tiet. 2. Nhập/tạo combo ở Combo_master: tên combo, giá bán combo. Giá vốn combo sẽ tự cộng từ Combo_chi_tiet nếu có chi tiết. 3. Ở Combo_chi_tiet, mỗi dòng là 1 món thành phần trong combo (ví dụ Combo giữ dáng = Ức gà cajun 100g + Tôm gừng tỏi 100g + Nạc heo tây bắc 150g). 4. Khi tạo đơn ở Chi_tiet_don_hang, nhập Món = tên combo và Trọng lượng = Combo. Giá combo sẽ tự lấy từ Bang_gia / Combo_master. 5. Cột Q ở Chi_tiet_don_hang và cột F trên BILL sẽ tự hiện "Gồm: ..." để biết combo có những món gì.
A10: SOẠN HÀNG / ĐI CHỢ | B10: 1. Dùng sheet Tong_hop_soan_hang. 2. Nhập Từ ngày / Đến ngày ở B2 và D2. 3. Sheet chỉ tổng hợp các đơn trong khoảng ngày và (chưa giao HOẶC chưa thanh toán). 4. Nếu đơn có combo, hệ thống sẽ tự bung combo thành các món con để soạn hàng. 5. Bảng bên trái: tổng số gói cần soạn theo món / trọng lượng. 6. Bảng bên phải: tổng gram cần đi chợ theo hàng chính (ứng với sheet Map_di_cho).

Sheet Thuc_don
A1: Món | B1: 100g | C1: Giá vốn | D1: Lợi nhuận | E1: Tỷ lệ lãi | F1: 150g | G1: Giá vốn | H1: Lợi nhuận | I1: Tỷ lệ lãi | J1: 200g | K1: Giá vốn | L1: Lợi nhuận | M1: Tỷ lệ lãi
A2: Ức gà cajun | B2: 25000 | C2: ='Tính_giá_vốn_món_chính'!O12 -> 16408.796 | D2: =B2-C2 -> 8591.204 | E2: =D2/B2*100 -> 34.364816 | F2: 36000 | G2: =C2*1.5 -> 24613.194 | H2: =F2-G2 -> 11386.806 | I2: =H2/F2*100 -> 31.630017 | J2: 48000 | K2: =C2*2 -> 32817.592 | L2: =J2-K2 -> 15182.408 | M2: =L2/J2*100 -> 31.630017
A3: Ức gà ngũ vị | B3: 25000 | C3: ='Tính_giá_vốn_món_chính'!O24 -> 16153.894 | D3: =B3-C3 -> 8846.1061 | E3: =D3/B3*100 -> 35.384424 | F3: 36000 | G3: =C3*1.5 -> 24230.841 | H3: =F3-G3 -> 11769.159 | I3: =H3/F3*100 -> 32.692109 | J3: 48000 | K3: =C3*2 -> 32307.788 | L3: =J3-K3 -> 15692.212 | M3: =L3/J3*100 -> 32.692109
A4: Ức gà sả chanh | B4: 25000 | C4: ='Tính_giá_vốn_món_chính'!O48 -> 15610.994 | D4: =B4-C4 -> 9389.0062 | E4: =D4/B4*100 -> 37.556025 | F4: 36000 | G4: =C4*1.5 -> 23416.491 | H4: =F4-G4 -> 12583.509 | I4: =H4/F4*100 -> 34.954193 | J4: 48000 | K4: =C4*2 -> 31221.988 | L4: =J4-K4 -> 16778.012 | M4: =L4/J4*100 -> 34.954193
A5: Ứ́c gà gừng tỏi | B5: 25000 | C5: ='Tính_giá_vốn_món_chính'!O36 -> 15624.338 | D5: =B5-C5 -> 9375.6619 | E5: =D5/B5*100 -> 37.502648 | F5: 36000 | G5: =C5*1.5 -> 23436.507 | H5: =F5-G5 -> 12563.493 | I5: =H5/F5*100 -> 34.898591 | J5: 48000 | K5: =C5*2 -> 31248.676 | L5: =J5-K5 -> 16751.324 | M5: =L5/J5*100 -> 34.898591
A6: Ức gà̀ cà ri | B6: 25000 | C6: ='Tính_giá_vốn_món_chính'!O60 -> 15519.551 | D6: =B6-C6 -> 9480.449 | E6: =D6/B6*100 -> 37.921796 | F6: 36000 | G6: =C6*1.5 -> 23279.327 | H6: =F6-G6 -> 12720.673 | I6: =H6/F6*100 -> 35.335204 | J6: 48000 | K6: =C6*2 -> 31039.102 | L6: =J6-K6 -> 16960.898 | M6: =L6/J6*100 -> 35.335204
A7: Ức gà tiêu chanh | B7: 25000 | C7: ='Tính_giá_vốn_món_chính'!O136 -> 15526.766 | D7: =B7-C7 -> 9473.234 | E7: =D7/B7*100 -> 37.892936 | F7: 36000 | G7: =C7*1.5 -> 23290.149 | H7: =F7-G7 -> 12709.851 | I7: =H7/F7*100 -> 35.305142 | J7: 48000 | K7: =C7*2 -> 31053.532 | L7: =J7-K7 -> 16946.468 | M7: =L7/J7*100 -> 35.305142
A8: Cốt lết mè rang | B8: 30000 | C8: ='Tính_giá_vốn_món_chính'!O73 -> 19700.079 | D8: =B8-C8 -> 10299.921 | E8: =D8/B8*100 -> 34.33307 | F8: 44000 | G8: =C8*1.5 -> 29550.119 | H8: =F8-G8 -> 14449.881 | I8: =H8/F8*100 -> 32.840639 | J8: 58000 | K8: =C8*2 -> 39400.158 | L8: =J8-K8 -> 18599.842 | M8: =L8/J8*100 -> 32.068693
A9: Cốt lết gừng tỏi | B9: 30000 | C9: ='Tính_giá_vốn_món_chính'!O85 -> 19624.338 | D9: =B9-C9 -> 10375.662 | E9: =D9/B9*100 -> 34.58554 | F9: 44000 | G9: =C9*1.5 -> 29436.507 | H9: =F9-G9 -> 14563.493 | I9: =H9/F9*100 -> 33.098847 | J9: 58000 | K9: =C9*2 -> 39248.676 | L9: =J9-K9 -> 18751.324 | M9: =L9/J9*100 -> 32.329869
A10: Cốt lết ngũ vị | B10: 30000 | C10: ='Tính_giá_vốn_món_chính'!O85 -> 19624.338 | D10: =B10-C10 -> 10375.662 | E10: =D10/B10*100 -> 34.58554 | F10: 44000 | G10: =C10*1.5 -> 29436.507 | H10: =F10-G10 -> 14563.493 | I10: =H10/F10*100 -> 33.098847 | J10: 58000 | K10: =C10*2 -> 39248.676 | L10: =J10-K10 -> 18751.324 | M10: =L10/J10*100 -> 32.329869
A11: Nạ̣c heo tây bắc | B11: 30000 | C11: ='Tính_giá_vốn_món_chính'!O122 -> 20440.409 | D11: =B11-C11 -> 9559.5913 | E11: =D11/B11*100 -> 31.865304 | F11: 44000 | G11: =C11*1.5 -> 30660.613 | H11: =F11-G11 -> 13339.387 | I11: =H11/F11*100 -> 30.316789 | J11: 58000 | K11: =C11*2 -> 40880.817 | L11: =J11-K11 -> 17119.183 | M11: =L11/J11*100 -> 29.515832
A12: Nạc heo sả nghệ | B12: 30000 | C12: ='Tính_giá_vốn_món_chính'!O97 -> 18460.896 | D12: =B12-C12 -> 11539.104 | E12: =D12/B12*100 -> 38.463681 | F12: 44000 | G12: =C12*1.5 -> 27691.344 | H12: =F12-G12 -> 16308.656 | I12: =H12/F12*100 -> 37.065128 | J12: 58000 | K12: =C12*2 -> 36921.792 | L12: =J12-K12 -> 21078.208 | M12: =L12/J12*100 -> 36.341739
A13: Nạ̣c heo ngũ vị | B13: 30000 | C13: ='Tính_giá_vốn_món_chính'!O109 -> 20153.894 | D13: =B13-C13 -> 9846.1061 | E13: =D13/B13*100 -> 32.820354 | F13: 44000 | G13: =C13*1.5 -> 30230.841 | H13: =F13-G13 -> 13769.159 | I13: =H13/F13*100 -> 31.293544 | J13: 58000 | K13: =C13*2 -> 40307.788 | L13: =J13-K13 -> 17692.212 | M13: =L13/J13*100 -> 30.503814
A14: Thăn bò ngũ vị | B14: 59000 | C14: ='Tính_giá_vốn_món_chính'!E36 -> 38940.409 | D14: =B14-C14 -> 20059.591 | E14: =D14/B14*100 -> 33.999307 | F14: 87000 | G14: =C14*1.5 -> 58410.613 | H14: =F14-G14 -> 28589.387 | I14: =H14/F14*100 -> 32.861364 | J14: =116000 -> 116000 | K14: =C14*2 -> 77880.817 | L14: =J14-K14 -> 38119.183 | M14: =L14/J14*100 -> 32.861364
A15: Thăn bò tây bắc | B15: 59000 | C15: ='Tính_giá_vốn_món_chính'!E48 -> 38940.409 | D15: =B15-C15 -> 20059.591 | E15: =D15/B15*100 -> 33.999307 | F15: 87000 | G15: =C15*1.5 -> 58410.613 | H15: =F15-G15 -> 28589.387 | I15: =H15/F15*100 -> 32.861364 | J15: =116000 -> 116000 | K15: =C15*2 -> 77880.817 | L15: =J15-K15 -> 38119.183 | M15: =L15/J15*100 -> 32.861364
A16: Thăn bò̀ cajun | B16: 59000 | C16: ='Tính_giá_vốn_món_chính'!E60 -> 38908.796 | D16: =B16-C16 -> 20091.204 | E16: =D16/B16*100 -> 34.052888 | F16: 87000 | G16: =C16*1.5 -> 58363.194 | H16: =F16-G16 -> 28636.806 | I16: =H16/F16*100 -> 32.915869 | J16: 116000 | K16: =C16*2 -> 77817.592 | L16: =J16-K16 -> 38182.408 | M16: =L16/J16*100 -> 32.915869
A17: Tôm gừng tỏi | B17: 59000 | C17: ='Tính_giá_vốn_món_chính'!E73 -> 45192.338 | D17: =B17-C17 -> 13807.662 | E17: =D17/B17*100 -> 23.402817 | F17: 86000 | G17: =C17*1.5 -> 67788.507 | H17: =F17-G17 -> 18211.493 | I17: =H17/F17*100 -> 21.176154 | J17: 115000 | K17: =C17*2 -> 90384.676 | L17: =J17-K17 -> 24615.324 | M17: =L17/J17*100 -> 21.404629
A18: Tôm cajun | B18: 59000 | C18: ='Tính_giá_vốn_món_chính'!E85 -> 45476.796 | D18: =B18-C18 -> 13523.204 | E18: =D18/B18*100 -> 22.920685 | F18: 86000 | G18: =C18*1.5 -> 68215.194 | H18: =F18-G18 -> 17784.806 | I18: =H18/F18*100 -> 20.680007 | J18: 115000 | K18: =C18*2 -> 90953.592 | L18: =J18-K18 -> 24046.408 | M18: =L18/J18*100 -> 20.90992
A19: Tôm kiểu Ý | B19: 59000 | C19: ='Tính_giá_vốn_món_chính'!E85 -> 45476.796 | D19: =B19-C19 -> 13523.204 | E19: =D19/B19*100 -> 22.920685 | F19: 86000 | G19: =C19*1.5 -> 68215.194 | H19: =F19-G19 -> 17784.806 | I19: =H19/F19*100 -> 20.680007 | J19: 115000 | K19: =C19*2 -> 90953.592 | L19: =J19-K19 -> 24046.408 | M19: =L19/J19*100 -> 20.90992
A20: Tôm tiêu chanh | B20: 59000 | C20: ='Tính_giá_vốn_món_chính'!E97 -> 45094.766 | D20: =B20-C20 -> 13905.234 | E20: =D20/B20*100 -> 23.568193 | F20: 86000 | G20: =C20*1.5 -> 67642.149 | H20: =F20-G20 -> 18357.851 | I20: =H20/F20*100 -> 21.346338 | J20: 115000 | K20: =C20*2 -> 90189.532 | L20: =J20-K20 -> 24810.468 | M20: =L20/J20*100 -> 21.57432
A21: Cá thu cà ri | B21: 47000 | C21: ='Tính_giá_vốn_món_chính'!E110 -> 28476.796 | D21: =B21-C21 -> 18523.204 | E21: =D21/B21*100 -> 39.411072 | F21: 69000 | G21: =C21*1.5 -> 42715.194 | H21: =F21-G21 -> 26284.806 | I21: =H21/F21*100 -> 38.093922 | J21: 92000 | K21: =C21*2 -> 56953.592 | L21: =J21-K21 -> 35046.408 | M21: =L21/J21*100 -> 38.093922
A22: Cá thu kiểu Âu | B22: 47000 | C22: ='Tính_giá_vốn_món_chính'!E175 -> 28521.594 | D22: =B22-C22 -> 18478.406 | E22: =D22/B22*100 -> 39.315758 | F22: 69000 | G22: =C22*1.5 -> 42782.391 | H22: =F22-G22 -> 26217.609 | I22: =H22/F22*100 -> 37.996535 | J22: 92000 | K22: =C22*2 -> 57043.187 | L22: =J22-K22 -> 34956.813 | M22: =L22/J22*100 -> 37.996535
A23: Cá hồi cajun | B23: 63000 | C23: ='Tính_giá_vốn_món_chính'!E123 -> 47406.796 | D23: =B23-C23 -> 15593.204 | E23: =D23/B23*100 -> 24.751117 | F23: 93000 | G23: =C23*1.5 -> 71110.194 | H23: =F23-G23 -> 21889.806 | I23: =H23/F23*100 -> 23.537426 | J23: 124000 | K23: =C23*2 -> 94813.592 | L23: =J23-K23 -> 29186.408 | M23: =L23/J23*100 -> 23.537426
A24: Cá hồi kiểu âu | B24: 63000 | C24: ='Tính_giá_vốn_món_chính'!E136 -> 47591.594 | D24: =B24-C24 -> 15408.406 | E24: =D24/B24*100 -> 24.457788 | F24: 93000 | G24: =C24*1.5 -> 71387.391 | H24: =F24-G24 -> 21612.609 | I24: =H24/F24*100 -> 23.239365 | J24: 124000 | K24: =C24*2 -> 95183.187 | L24: =J24-K24 -> 28816.813 | M24: =L24/J24*100 -> 23.239365
A25: Cá tầm kiểu Ý | B25: 49000 | C25: ='Tính_giá_vốn_món_chính'!E149 -> 29565.302 | D25: =B25-C25 -> 19434.698 | E25: =D25/B25*100 -> 39.662648 | F25: 73000 | G25: =C25*1.5 -> 44347.954 | H25: =F25-G25 -> 28652.046 | I25: =H25/F25*100 -> 39.249379 | J25: 97000 | K25: =C25*2 -> 59130.605 | L25: =J25-K25 -> 37869.395 | M25: =L25/J25*100 -> 39.040613
A26: Cá tầm gừng tỏi | B26: 49000 | C26: ='Tính_giá_vốn_món_chính'!E162 -> 29192.338 | D26: =B26-C26 -> 19807.662 | E26: =D26/B26*100 -> 40.4238 | F26: 73000 | G26: =C26*1.5 -> 43788.507 | H26: =F26-G26 -> 29211.493 | I26: =H26/F26*100 -> 40.015744 | J26: 97000 | K26: =C26*2 -> 58384.676 | L26: =J26-K26 -> 38615.324 | M26: =L26/J26*100 -> 39.809612
A27: =Combo_tong_hop!B3 -> Combo giữ dáng | B27: =Combo_tong_hop!D3 -> 219000 | C27: =Combo_tong_hop!C3 -> 166038.13 | D27: =IF(OR(B27="",C27=""),"",B27-C27) -> 52961.871 | E27: =IF(OR(B27="",D27=""),"",D27/B27*100) -> 24.183503
A28: =Combo_tong_hop!B4 -> Combo giảm cân | B28: =Combo_tong_hop!D4 -> 345000 | C28: =Combo_tong_hop!C4 -> 261026.49 | D28: =IF(OR(B28="",C28=""),"",B28-C28) -> 83973.512 | E28: =IF(OR(B28="",D28=""),"",D28/B28*100) -> 24.340148
A29: =Combo_tong_hop!B5 -> Combo Tăng cơ | B29: =Combo_tong_hop!D5 -> 395000 | C29: =Combo_tong_hop!C5 -> 302062.97 | D29: =IF(OR(B29="",C29=""),"",B29-C29) -> 92937.033 | E29: =IF(OR(B29="",D29=""),"",D29/B29*100) -> 23.528363
A30: =Combo_tong_hop!B6 -> Combo Power Fit | B30: =Combo_tong_hop!D6 -> 536000 | C30: =Combo_tong_hop!C6 -> 408246.73 | D30: =IF(OR(B30="",C30=""),"",B30-C30) -> 127753.27 | E30: =IF(OR(B30="",D30=""),"",D30/B30*100) -> 23.834566
A31: =Combo_tong_hop!B7 -> Combo giữ dáng. | B31: 219000 | C31: =C5+C7+C8+C21+C15+C18 -> 163745.18 | D31: =IF(OR(B31="",C31=""),"",B31-C31) -> 55254.816 | E31: =IF(OR(B31="",D31=""),"",D31/B31*100) -> 25.23051
A32: =Combo_tong_hop!B8 -> Combo giảm cân. | B32: 345000 | C32: =C2+C7+C5+C6+C12+C8+C22+C20+C18+C16 -> 259242.38 | D32: =IF(OR(B32="",C32=""),"",B32-C32) -> 85757.622 | E32: =IF(OR(B32="",D32=""),"",D32/B32*100) -> 24.857282
A33: =Combo_tong_hop!B9 -> Combo Tăng cơ. | B33: 394000 | C33: =G2+G7+G6+G11+G9+G16+G20+G22 -> 300067.52 | D33: =IF(OR(B33="",C33=""),"",B33-C33) -> 93932.477 | E33: =IF(OR(B33="",D33=""),"",D33/B33*100) -> 23.84073
A34: =Combo_tong_hop!B10 -> Combo Power Fit. | B34: 524000 | C34: =K6+K7+K5+K12+K8+K21+K15+K18 -> 395451.26 | D34: =IF(OR(B34="",C34=""),"",B34-C34) -> 128548.74 | E34: =IF(OR(B34="",D34=""),"",D34/B34*100) -> 24.532202
A35: =Combo_tong_hop!B11 | D35: =IF(OR(B35="",C35=""),"",B35-C35) | E35: =IF(OR(B35="",D35=""),"",D35/B35*100)
A36: =Combo_tong_hop!B12 | D36: =IF(OR(B36="",C36=""),"",B36-C36) | E36: =IF(OR(B36="",D36=""),"",D36/B36*100)
A37: =Combo_tong_hop!B13 | D37: =IF(OR(B37="",C37=""),"",B37-C37) | E37: =IF(OR(B37="",D37=""),"",D37/B37*100)
A38: =Combo_tong_hop!B14 | D38: =IF(OR(B38="",C38=""),"",B38-C38) | E38: =IF(OR(B38="",D38=""),"",D38/B38*100)
A39: =Combo_tong_hop!B15 | D39: =IF(OR(B39="",C39=""),"",B39-C39) | E39: =IF(OR(B39="",D39=""),"",D39/B39*100)
A40: =Combo_tong_hop!B16 | D40: =IF(OR(B40="",C40=""),"",B40-C40) | E40: =IF(OR(B40="",D40=""),"",D40/B40*100)
A41: =Combo_tong_hop!B17 | D41: =IF(OR(B41="",C41=""),"",B41-C41) | E41: =IF(OR(B41="",D41=""),"",D41/B41*100)
A42: =Combo_tong_hop!B18 | D42: =IF(OR(B42="",C42=""),"",B42-C42) | E42: =IF(OR(B42="",D42=""),"",D42/B42*100)

Sheet Bang_gia
A1: Key | B1: Món | C1: Trọng lượng | D1: Giá bán | E1: Giá vốn | F1: Lãi/gói
A2: =Bang_gia!B2&" | "&Bang_gia!C2 -> Ức gà cajun | 100g | B2: =Thuc_don!A2 -> Ức gà cajun | C2: 100g | D2: =Thuc_don!B2 -> 25000 | E2: =Thuc_don!C2 -> 16408.796 | F2: =Thuc_don!D2 -> 8591.204
A3: =Bang_gia!B3&" | "&Bang_gia!C3 -> Ức gà cajun | 150g | B3: =Thuc_don!A2 -> Ức gà cajun | C3: 150g | D3: =Thuc_don!F2 -> 36000 | E3: =Thuc_don!G2 -> 24613.194 | F3: =Thuc_don!H2 -> 11386.806
A4: =Bang_gia!B4&" | "&Bang_gia!C4 -> Ức gà cajun | 200g | B4: =Thuc_don!A2 -> Ức gà cajun | C4: 200g | D4: =Thuc_don!J2 -> 48000 | E4: =Thuc_don!K2 -> 32817.592 | F4: =Thuc_don!L2 -> 15182.408
A5: =Bang_gia!B5&" | "&Bang_gia!C5 -> Ức gà ngũ vị | 100g | B5: =Thuc_don!A3 -> Ức gà ngũ vị | C5: 100g | D5: =Thuc_don!B3 -> 25000 | E5: =Thuc_don!C3 -> 16153.894 | F5: =Thuc_don!D3 -> 8846.1061
A6: =Bang_gia!B6&" | "&Bang_gia!C6 -> Ức gà ngũ vị | 150g | B6: =Thuc_don!A3 -> Ức gà ngũ vị | C6: 150g | D6: =Thuc_don!F3 -> 36000 | E6: =Thuc_don!G3 -> 24230.841 | F6: =Thuc_don!H3 -> 11769.159
A7: =Bang_gia!B7&" | "&Bang_gia!C7 -> Ức gà ngũ vị | 200g | B7: =Thuc_don!A3 -> Ức gà ngũ vị | C7: 200g | D7: =Thuc_don!J3 -> 48000 | E7: =Thuc_don!K3 -> 32307.788 | F7: =Thuc_don!L3 -> 15692.212
A8: =Bang_gia!B8&" | "&Bang_gia!C8 -> Ức gà sả chanh | 100g | B8: =Thuc_don!A4 -> Ức gà sả chanh | C8: 100g | D8: =Thuc_don!B4 -> 25000 | E8: =Thuc_don!C4 -> 15610.994 | F8: =Thuc_don!D4 -> 9389.0062
A9: =Bang_gia!B9&" | "&Bang_gia!C9 -> Ức gà sả chanh | 150g | B9: =Thuc_don!A4 -> Ức gà sả chanh | C9: 150g | D9: =Thuc_don!F4 -> 36000 | E9: =Thuc_don!G4 -> 23416.491 | F9: =Thuc_don!H4 -> 12583.509
A10: =Bang_gia!B10&" | "&Bang_gia!C10 -> Ức gà sả chanh | 200g | B10: =Thuc_don!A4 -> Ức gà sả chanh | C10: 200g | D10: =Thuc_don!J4 -> 48000 | E10: =Thuc_don!K4 -> 31221.988 | F10: =Thuc_don!L4 -> 16778.012
A11: =Bang_gia!B11&" | "&Bang_gia!C11 -> Ứ́c gà gừng tỏi | 100g | B11: =Thuc_don!A5 -> Ứ́c gà gừng tỏi | C11: 100g | D11: =Thuc_don!B5 -> 25000 | E11: =Thuc_don!C5 -> 15624.338 | F11: =Thuc_don!D5 -> 9375.6619
A12: =Bang_gia!B12&" | "&Bang_gia!C12 -> Ứ́c gà gừng tỏi | 150g | B12: =Thuc_don!A5 -> Ứ́c gà gừng tỏi | C12: 150g | D12: =Thuc_don!F5 -> 36000 | E12: =Thuc_don!G5 -> 23436.507 | F12: =Thuc_don!H5 -> 12563.493
A13: =Bang_gia!B13&" | "&Bang_gia!C13 -> Ứ́c gà gừng tỏi | 200g | B13: =Thuc_don!A5 -> Ứ́c gà gừng tỏi | C13: 200g | D13: =Thuc_don!J5 -> 48000 | E13: =Thuc_don!K5 -> 31248.676 | F13: =Thuc_don!L5 -> 16751.324
A14: =Bang_gia!B14&" | "&Bang_gia!C14 -> Ức gà̀ cà ri | 100g | B14: =Thuc_don!A6 -> Ức gà̀ cà ri | C14: 100g | D14: =Thuc_don!B6 -> 25000 | E14: =Thuc_don!C6 -> 15519.551 | F14: =Thuc_don!D6 -> 9480.449
A15: =Bang_gia!B15&" | "&Bang_gia!C15 -> Ức gà̀ cà ri | 150g | B15: =Thuc_don!A6 -> Ức gà̀ cà ri | C15: 150g | D15: =Thuc_don!F6 -> 36000 | E15: =Thuc_don!G6 -> 23279.327 | F15: =Thuc_don!H6 -> 12720.673
A16: =Bang_gia!B16&" | "&Bang_gia!C16 -> Ức gà̀ cà ri | 200g | B16: =Thuc_don!A6 -> Ức gà̀ cà ri | C16: 200g | D16: =Thuc_don!$J6 -> 48000 | E16: =Thuc_don!K6 -> 31039.102 | F16: =Thuc_don!L6 -> 16960.898
A17: =Bang_gia!B17&" | "&Bang_gia!C17 -> Ức gà tiêu chanh | 100g | B17: =Thuc_don!A7 -> Ức gà tiêu chanh | C17: 100g | D17: =Thuc_don!$B5 -> 25000 | E17: =Thuc_don!C7 -> 15526.766 | F17: =Thuc_don!D7 -> 9473.234
A18: =Bang_gia!B18&" | "&Bang_gia!C18 -> Ức gà tiêu chanh | 150g | B18: =Thuc_don!A7 -> Ức gà tiêu chanh | C18: 150g | D18: =Thuc_don!$F5 -> 36000 | E18: =Thuc_don!G7 -> 23290.149 | F18: =Thuc_don!H7 -> 12709.851
A19: =Bang_gia!B19&" | "&Bang_gia!C19 -> Ức gà tiêu chanh | 200g | B19: =Thuc_don!A7 -> Ức gà tiêu chanh | C19: 200g | D19: =Thuc_don!$J5 -> 48000 | E19: =Thuc_don!K7 -> 31053.532 | F19: =Thuc_don!L7 -> 16946.468
A20: =Bang_gia!B20&" | "&Bang_gia!C20 -> Cốt lết mè rang | 100g | B20: =Thuc_don!A8 -> Cốt lết mè rang | C20: 100g | D20: =Thuc_don!$B8 -> 30000 | E20: =Thuc_don!$C8 -> 19700.079 | F20: =Thuc_don!$D8 -> 10299.921
A21: =Bang_gia!B21&" | "&Bang_gia!C21 -> Cốt lết mè rang | 150g | B21: =Thuc_don!A8 -> Cốt lết mè rang | C21: 150g | D21: =Thuc_don!F8 -> 44000 | E21: =Thuc_don!G8 -> 29550.119 | F21: =Thuc_don!H8 -> 14449.881
A22: =Bang_gia!B22&" | "&Bang_gia!C22 -> Cốt lết mè rang | 200g | B22: =Thuc_don!A8 -> Cốt lết mè rang | C22: 200g | D22: =Thuc_don!J8 -> 58000 | E22: =Thuc_don!K8 -> 39400.158 | F22: =Thuc_don!L8 -> 18599.842
A23: =Bang_gia!B23&" | "&Bang_gia!C23 -> Cốt lết gừng tỏi | 100g | B23: =Thuc_don!A9 -> Cốt lết gừng tỏi | C23: 100g | D23: =Thuc_don!B9 -> 30000 | E23: =Thuc_don!C9 -> 19624.338 | F23: =Thuc_don!D9 -> 10375.662
A24: =Bang_gia!B24&" | "&Bang_gia!C24 -> Cốt lết gừng tỏi | 150g | B24: =Thuc_don!A9 -> Cốt lết gừng tỏi | C24: 150g | D24: =Thuc_don!F9 -> 44000 | E24: =Thuc_don!G9 -> 29436.507 | F24: =Thuc_don!H9 -> 14563.493
A25: =Bang_gia!B25&" | "&Bang_gia!C25 -> Cốt lết gừng tỏi | 200g | B25: =Thuc_don!A9 -> Cốt lết gừng tỏi | C25: 200g | D25: =Thuc_don!J9 -> 58000 | E25: =Thuc_don!K9 -> 39248.676 | F25: =Thuc_don!L9 -> 18751.324
A26: =Bang_gia!B26&" | "&Bang_gia!C26 -> Cốt lết ngũ vị | 100g | B26: =Thuc_don!A10 -> Cốt lết ngũ vị | C26: 100g | D26: =Thuc_don!B10 -> 30000 | E26: =Thuc_don!C10 -> 19624.338 | F26: =Thuc_don!D10 -> 10375.662
A27: =Bang_gia!B27&" | "&Bang_gia!C27 -> Cốt lết ngũ vị | 150g | B27: =Thuc_don!A10 -> Cốt lết ngũ vị | C27: 150g | D27: =Thuc_don!F10 -> 44000 | E27: =Thuc_don!G10 -> 29436.507 | F27: =Thuc_don!H10 -> 14563.493
A28: =Bang_gia!B28&" | "&Bang_gia!C28 -> Cốt lết ngũ vị | 200g | B28: =Thuc_don!A10 -> Cốt lết ngũ vị | C28: 200g | D28: =Thuc_don!J10 -> 58000 | E28: =Thuc_don!K10 -> 39248.676 | F28: =Thuc_don!L10 -> 18751.324
A29: =Bang_gia!B29&" | "&Bang_gia!C29 -> Nạ̣c heo tây bắc | 100g | B29: =Thuc_don!A11 -> Nạ̣c heo tây bắc | C29: 100g | D29: =Thuc_don!B11 -> 30000 | E29: =Thuc_don!C11 -> 20440.409 | F29: =Thuc_don!D11 -> 9559.5913
A30: =Bang_gia!B30&" | "&Bang_gia!C30 -> Nạ̣c heo tây bắc | 150g | B30: =Thuc_don!A11 -> Nạ̣c heo tây bắc | C30: 150g | D30: =Thuc_don!F11 -> 44000 | E30: =Thuc_don!G11 -> 30660.613 | F30: =Thuc_don!H11 -> 13339.387
A31: =Bang_gia!B31&" | "&Bang_gia!C31 -> Nạ̣c heo tây bắc | 200g | B31: =Thuc_don!A11 -> Nạ̣c heo tây bắc | C31: 200g | D31: =Thuc_don!J11 -> 58000 | E31: =Thuc_don!K11 -> 40880.817 | F31: =Thuc_don!L11 -> 17119.183
A32: =Bang_gia!B32&" | "&Bang_gia!C32 -> Nạc heo sả nghệ | 100g | B32: =Thuc_don!A12 -> Nạc heo sả nghệ | C32: 100g | D32: =Thuc_don!B12 -> 30000 | E32: =Thuc_don!C12 -> 18460.896 | F32: =Thuc_don!D12 -> 11539.104
A33: =Bang_gia!B33&" | "&Bang_gia!C33 -> Nạc heo sả nghệ | 150g | B33: =Thuc_don!A12 -> Nạc heo sả nghệ | C33: 150g | D33: =Thuc_don!F12 -> 44000 | E33: =Thuc_don!G12 -> 27691.344 | F33: =Thuc_don!H12 -> 16308.656
A34: =Bang_gia!B34&" | "&Bang_gia!C34 -> Nạc heo sả nghệ | 200g | B34: =Thuc_don!A12 -> Nạc heo sả nghệ | C34: 200g | D34: =Thuc_don!J12 -> 58000 | E34: =Thuc_don!K12 -> 36921.792 | F34: =Thuc_don!L12 -> 21078.208
A35: =Bang_gia!B35&" | "&Bang_gia!C35 -> Nạ̣c heo ngũ vị | 100g | B35: =Thuc_don!A13 -> Nạ̣c heo ngũ vị | C35: 100g | D35: =Thuc_don!B13 -> 30000 | E35: =Thuc_don!C13 -> 20153.894 | F35: =Thuc_don!D13 -> 9846.1061
A36: =Bang_gia!B36&" | "&Bang_gia!C36 -> Nạ̣c heo ngũ vị | 150g | B36: =Thuc_don!A13 -> Nạ̣c heo ngũ vị | C36: 150g | D36: =Thuc_don!F13 -> 44000 | E36: =Thuc_don!G13 -> 30230.841 | F36: =Thuc_don!H13 -> 13769.159
A37: =Bang_gia!B37&" | "&Bang_gia!C37 -> Nạ̣c heo ngũ vị | 200g | B37: =Thuc_don!A13 -> Nạ̣c heo ngũ vị | C37: 200g | D37: =Thuc_don!J13 -> 58000 | E37: =Thuc_don!K13 -> 40307.788 | F37: =Thuc_don!L13 -> 17692.212
A38: =Bang_gia!B38&" | "&Bang_gia!C38 -> Thăn bò ngũ vị | 100g | B38: =Thuc_don!A14 -> Thăn bò ngũ vị | C38: 100g | D38: =Thuc_don!B14 -> 59000 | E38: =Thuc_don!C14 -> 38940.409 | F38: =Thuc_don!D14 -> 20059.591
A39: =Bang_gia!B39&" | "&Bang_gia!C39 -> Thăn bò ngũ vị | 150g | B39: =Thuc_don!A14 -> Thăn bò ngũ vị | C39: 150g | D39: =Thuc_don!F14 -> 87000 | E39: =Thuc_don!G14 -> 58410.613 | F39: =Thuc_don!H14 -> 28589.387
A40: =Bang_gia!B40&" | "&Bang_gia!C40 -> Thăn bò ngũ vị | 200g | B40: =Thuc_don!A14 -> Thăn bò ngũ vị | C40: 200g | D40: =Thuc_don!J14 -> 116000 | E40: =Thuc_don!K14 -> 77880.817 | F40: =Thuc_don!L14 -> 38119.183
A41: =Bang_gia!B41&" | "&Bang_gia!C41 -> Thăn bò tây bắc | 100g | B41: =Thuc_don!A15 -> Thăn bò tây bắc | C41: 100g | D41: =Thuc_don!B15 -> 59000 | E41: =Thuc_don!C15 -> 38940.409 | F41: =Thuc_don!D15 -> 20059.591
A42: =Bang_gia!B42&" | "&Bang_gia!C42 -> Thăn bò tây bắc | 150g | B42: =Thuc_don!A15 -> Thăn bò tây bắc | C42: 150g | D42: =Thuc_don!F15 -> 87000 | E42: =Thuc_don!G15 -> 58410.613 | F42: =Thuc_don!H15 -> 28589.387
A43: =Bang_gia!B43&" | "&Bang_gia!C43 -> Thăn bò tây bắc | 200g | B43: =Thuc_don!A15 -> Thăn bò tây bắc | C43: 200g | D43: =Thuc_don!J15 -> 116000 | E43: =Thuc_don!K15 -> 77880.817 | F43: =Thuc_don!L15 -> 38119.183
A44: =Bang_gia!B44&" | "&Bang_gia!C44 -> Thăn bò̀ cajun | 100g | B44: =Thuc_don!A16 -> Thăn bò̀ cajun | C44: 100g | D44: =Thuc_don!B16 -> 59000 | E44: =Thuc_don!C16 -> 38908.796 | F44: =Thuc_don!D16 -> 20091.204
A45: =Bang_gia!B45&" | "&Bang_gia!C45 -> Thăn bò̀ cajun | 150g | B45: =Thuc_don!A16 -> Thăn bò̀ cajun | C45: 150g | D45: =Thuc_don!F16 -> 87000 | E45: =Thuc_don!G16 -> 58363.194 | F45: =Thuc_don!H16 -> 28636.806
A46: =Bang_gia!B46&" | "&Bang_gia!C46 -> Thăn bò̀ cajun | 200g | B46: =Thuc_don!A16 -> Thăn bò̀ cajun | C46: 200g | D46: =Thuc_don!J16 -> 116000 | E46: =Thuc_don!K16 -> 77817.592 | F46: =Thuc_don!L16 -> 38182.408
A47: =Bang_gia!B47&" | "&Bang_gia!C47 -> Tôm gừng tỏi | 100g | B47: =Thuc_don!A17 -> Tôm gừng tỏi | C47: 100g | D47: =Thuc_don!B17 -> 59000 | E47: =Thuc_don!C17 -> 45192.338 | F47: =Thuc_don!D17 -> 13807.662
A48: =Bang_gia!B48&" | "&Bang_gia!C48 -> Tôm gừng tỏi | 150g | B48: =Thuc_don!A17 -> Tôm gừng tỏi | C48: 150g | D48: =Thuc_don!F17 -> 86000 | E48: =Thuc_don!G17 -> 67788.507 | F48: =Thuc_don!H17 -> 18211.493
A49: =Bang_gia!B49&" | "&Bang_gia!C49 -> Tôm gừng tỏi | 200g | B49: =Thuc_don!A17 -> Tôm gừng tỏi | C49: 200g | D49: =Thuc_don!J17 -> 115000 | E49: =Thuc_don!K17 -> 90384.676 | F49: =Thuc_don!L17 -> 24615.324
A50: =Bang_gia!B50&" | "&Bang_gia!C50 -> Tôm cajun | 100g | B50: =Thuc_don!A18 -> Tôm cajun | C50: 100g | D50: =Thuc_don!B18 -> 59000 | E50: =Thuc_don!C18 -> 45476.796 | F50: =Thuc_don!D18 -> 13523.204
A51: =Bang_gia!B51&" | "&Bang_gia!C51 -> Tôm cajun | 150g | B51: =Thuc_don!A18 -> Tôm cajun | C51: 150g | D51: =Thuc_don!F17 -> 86000 | E51: =Thuc_don!G18 -> 68215.194 | F51: =Thuc_don!H18 -> 17784.806
A52: =Bang_gia!B52&" | "&Bang_gia!C52 -> Tôm cajun | 200g | B52: =Thuc_don!A18 -> Tôm cajun | C52: 200g | D52: =Thuc_don!J18 -> 115000 | E52: =Thuc_don!K18 -> 90953.592 | F52: =Thuc_don!L18 -> 24046.408
A53: =Bang_gia!B53&" | "&Bang_gia!C53 -> Tôm kiểu Ý | 100g | B53: =Thuc_don!A19 -> Tôm kiểu Ý | C53: 100g | D53: =Thuc_don!B19 -> 59000 | E53: =Thuc_don!C19 -> 45476.796 | F53: =Thuc_don!D19 -> 13523.204
A54: =Bang_gia!B54&" | "&Bang_gia!C54 -> Tôm kiểu Ý | 150g | B54: =Thuc_don!A19 -> Tôm kiểu Ý | C54: 150g | D54: =Thuc_don!F19 -> 86000 | E54: =Thuc_don!G19 -> 68215.194 | F54: =Thuc_don!H19 -> 17784.806
A55: =Bang_gia!B55&" | "&Bang_gia!C55 -> Tôm kiểu Ý | 200g | B55: =Thuc_don!A19 -> Tôm kiểu Ý | C55: 200g | D55: =Thuc_don!J19 -> 115000 | E55: =Thuc_don!K19 -> 90953.592 | F55: =Thuc_don!L19 -> 24046.408
A56: =Bang_gia!B56&" | "&Bang_gia!C56 -> Tôm tiêu chanh | 100g | B56: =Thuc_don!A20 -> Tôm tiêu chanh | C56: 100g | D56: =Thuc_don!B20 -> 59000 | E56: =Thuc_don!C20 -> 45094.766 | F56: =Thuc_don!D20 -> 13905.234
A57: =Bang_gia!B57&" | "&Bang_gia!C57 -> Tôm tiêu chanh | 150g | B57: =Thuc_don!A20 -> Tôm tiêu chanh | C57: 150g | D57: =Thuc_don!F20 -> 86000 | E57: =Thuc_don!G20 -> 67642.149 | F57: =Thuc_don!H20 -> 18357.851
A58: =Bang_gia!B58&" | "&Bang_gia!C58 -> Tôm tiêu chanh | 200g | B58: =Thuc_don!A20 -> Tôm tiêu chanh | C58: 200g | D58: =Thuc_don!J20 -> 115000 | E58: =Thuc_don!K20 -> 90189.532 | F58: =Thuc_don!L20 -> 24810.468
A59: =Bang_gia!B59&" | "&Bang_gia!C59 -> Cá thu cà ri | 100g | B59: =Thuc_don!A21 -> Cá thu cà ri | C59: 100g | D59: =Thuc_don!B21 -> 47000 | E59: =Thuc_don!C21 -> 28476.796 | F59: =Thuc_don!D21 -> 18523.204
A60: =Bang_gia!B60&" | "&Bang_gia!C60 -> Cá thu cà ri | 150g | B60: =Thuc_don!A21 -> Cá thu cà ri | C60: 150g | D60: =Thuc_don!F21 -> 69000 | E60: =Thuc_don!G21 -> 42715.194 | F60: =Thuc_don!H21 -> 26284.806
A61: =Bang_gia!B61&" | "&Bang_gia!C61 -> Cá thu cà ri | 200g | B61: =Thuc_don!A21 -> Cá thu cà ri | C61: 200g | D61: =Thuc_don!J21 -> 92000 | E61: =Thuc_don!K21 -> 56953.592 | F61: =Thuc_don!L21 -> 35046.408
A62: =Bang_gia!B62&" | "&Bang_gia!C62 -> Cá thu kiểu Âu | 100g | B62: =Thuc_don!A22 -> Cá thu kiểu Âu | C62: 100g | D62: =Thuc_don!B22 -> 47000 | E62: =Thuc_don!C22 -> 28521.594 | F62: =Thuc_don!D22 -> 18478.406
A63: =Bang_gia!B63&" | "&Bang_gia!C63 -> Cá thu kiểu Âu | 150g | B63: =Thuc_don!A22 -> Cá thu kiểu Âu | C63: 150g | D63: =Thuc_don!F22 -> 69000 | E63: =Thuc_don!G22 -> 42782.391 | F63: =Thuc_don!H22 -> 26217.609
A64: =Bang_gia!B64&" | "&Bang_gia!C64 -> Cá thu kiểu Âu | 200g | B64: =Thuc_don!A22 -> Cá thu kiểu Âu | C64: 200g | D64: =Thuc_don!J22 -> 92000 | E64: =Thuc_don!K22 -> 57043.187 | F64: =Thuc_don!L22 -> 34956.813
A65: =Bang_gia!B65&" | "&Bang_gia!C65 -> Cá hồi cajun | 100g | B65: =Thuc_don!A23 -> Cá hồi cajun | C65: 100g | D65: =Thuc_don!B23 -> 63000 | E65: =Thuc_don!C23 -> 47406.796 | F65: =Thuc_don!D23 -> 15593.204
A66: =Bang_gia!B66&" | "&Bang_gia!C66 -> Cá hồi cajun | 150g | B66: =Thuc_don!A23 -> Cá hồi cajun | C66: 150g | D66: =Thuc_don!F23 -> 93000 | E66: =Thuc_don!G23 -> 71110.194 | F66: =Thuc_don!H23 -> 21889.806
A67: =Bang_gia!B67&" | "&Bang_gia!C67 -> Cá hồi cajun | 200g | B67: =Thuc_don!A23 -> Cá hồi cajun | C67: 200g | D67: =Thuc_don!J23 -> 124000 | E67: =Thuc_don!K23 -> 94813.592 | F67: =Thuc_don!L23 -> 29186.408
A68: =Bang_gia!B68&" | "&Bang_gia!C68 -> Cá hồi kiểu âu | 100g | B68: =Thuc_don!A24 -> Cá hồi kiểu âu | C68: 100g | D68: =Thuc_don!B24 -> 63000 | E68: =Thuc_don!C24 -> 47591.594 | F68: =Thuc_don!D24 -> 15408.406
A69: =Bang_gia!B69&" | "&Bang_gia!C69 -> Cá hồi kiểu âu | 150g | B69: =Thuc_don!A24 -> Cá hồi kiểu âu | C69: 150g | D69: =Thuc_don!F24 -> 93000 | E69: =Thuc_don!G24 -> 71387.391 | F69: =Thuc_don!H24 -> 21612.609
A70: =Bang_gia!B70&" | "&Bang_gia!C70 -> Cá hồi kiểu âu | 200g | B70: =Thuc_don!A24 -> Cá hồi kiểu âu | C70: 200g | D70: =Thuc_don!J24 -> 124000 | E70: =Thuc_don!K24 -> 95183.187 | F70: =Thuc_don!L24 -> 28816.813
A71: =Bang_gia!B71&" | "&Bang_gia!C71 -> Cá tầm kiểu Ý | 100g | B71: =Thuc_don!A25 -> Cá tầm kiểu Ý | C71: 100g | D71: =Thuc_don!B25 -> 49000 | E71: =Thuc_don!C25 -> 29565.302 | F71: =Thuc_don!D25 -> 19434.698
A72: =Bang_gia!B72&" | "&Bang_gia!C72 -> Cá tầm kiểu Ý | 150g | B72: =Thuc_don!A25 -> Cá tầm kiểu Ý | C72: 150g | D72: =Thuc_don!F25 -> 73000 | E72: =Thuc_don!G25 -> 44347.954 | F72: =Thuc_don!H25 -> 28652.046
A73: =Bang_gia!B73&" | "&Bang_gia!C73 -> Cá tầm kiểu Ý | 200g | B73: =Thuc_don!A25 -> Cá tầm kiểu Ý | C73: 200g | D73: =Thuc_don!J25 -> 97000 | E73: =Thuc_don!K25 -> 59130.605 | F73: =Thuc_don!L25 -> 37869.395
A74: =Bang_gia!B74&" | "&Bang_gia!C74 -> Cá tầm gừng tỏi | 100g | B74: =Thuc_don!A26 -> Cá tầm gừng tỏi | C74: 100g | D74: =Thuc_don!B26 -> 49000 | E74: =Thuc_don!C26 -> 29192.338 | F74: =Thuc_don!D26 -> 19807.662
A75: =Bang_gia!B75&" | "&Bang_gia!C75 -> Cá tầm gừng tỏi | 150g | B75: =Thuc_don!A26 -> Cá tầm gừng tỏi | C75: 150g | D75: =Thuc_don!F26 -> 73000 | E75: =Thuc_don!G26 -> 43788.507 | F75: =Thuc_don!H26 -> 29211.493
A76: =Bang_gia!B76&" | "&Bang_gia!C76 -> Cá tầm gừng tỏi | 200g | B76: =Thuc_don!A26 -> Cá tầm gừng tỏi | C76: 200g | D76: =Thuc_don!J26 -> 97000 | E76: =Thuc_don!K26 -> 58384.676 | F76: =Thuc_don!L26 -> 38615.324
A77: =B77&" | "&C77 -> Combo giữ dáng | Combo | B77: =Combo_tong_hop!B3 -> Combo giữ dáng | C77: Combo | D77: =Combo_tong_hop!D3 -> 219000 | E77: =Combo_tong_hop!C3 -> 166038.13 | F77: =IF(OR(D77="",E77=""),"",D77-E77) -> 52961.871
A78: =B78&" | "&C78 -> Combo giảm cân | Combo | B78: =Combo_tong_hop!B4 -> Combo giảm cân | C78: Combo | D78: =Combo_tong_hop!D4 -> 345000 | E78: =Combo_tong_hop!C4 -> 261026.49 | F78: =IF(OR(D78="",E78=""),"",D78-E78) -> 83973.512
A79: =B79&" | "&C79 -> Combo Tăng cơ | Combo | B79: =Combo_tong_hop!B5 -> Combo Tăng cơ | C79: Combo | D79: =Combo_tong_hop!D5 -> 395000 | E79: =Combo_tong_hop!C5 -> 302062.97 | F79: =IF(OR(D79="",E79=""),"",D79-E79) -> 92937.033
A80: =B80&" | "&C80 -> Combo Power Fit | Combo | B80: =Combo_tong_hop!B6 -> Combo Power Fit | C80: Combo | D80: =Combo_tong_hop!D6 -> 536000 | E80: =Combo_tong_hop!C6 -> 408246.73 | F80: =IF(OR(D80="",E80=""),"",D80-E80) -> 127753.27
A81: =B81&" | "&C81 -> Combo giữ dáng. | Combo | B81: Combo giữ dáng. | C81: Combo | D81: =Combo_tong_hop!D7 -> 219000 | E81: =Combo_tong_hop!C7 -> 163745.18 | F81: =IF(OR(D81="",E81=""),"",D81-E81) -> 55254.816
A82: =B82&" | "&C82 -> Combo giảm cân. | Combo | B82: Combo giảm cân. | C82: Combo | D82: =Combo_tong_hop!D8 -> 345000 | E82: =Combo_tong_hop!C8 -> 259242.38 | F82: =IF(OR(D82="",E82=""),"",D82-E82) -> 85757.622
A83: =B83&" | "&C83 -> Combo Tăng cơ. | Combo | B83: Combo Tăng cơ. | C83: Combo | D83: =Combo_tong_hop!D9 -> 394000 | E83: =Combo_tong_hop!C9 -> 300067.52 | F83: =IF(OR(D83="",E83=""),"",D83-E83) -> 93932.477
A84: =B84&" | "&C84 -> Combo Power Fit. | Combo | B84: Combo Power Fit. | C84: Combo | D84: =Combo_tong_hop!D10 -> 524000 | E84: =Combo_tong_hop!C10 -> 395451.26 | F84: =IF(OR(D84="",E84=""),"",D84-E84) -> 128548.74
A85: =B85&" | "&C85 -> |
A86: =B86&" | "&C86 -> |
A87: =B87&" | "&C87 -> |
A88: =B88&" | "&C88 -> |
A89: =B89&" | "&C89 -> |
A90: =B90&" | "&C90 -> |
A91: =B91&" | "&C91 -> |
A92: =B92&" | "&C92 -> |
A93: =B93&" | "&C93 -> |
A94: =B94&" | "&C94 -> |
A95: =B95&" | "&C95 -> |
A96: =B96&" | "&C96 -> |
A97: =B97&" | "&C97 -> |

Sheet Combo_tong_hop
A1: QUẢN LÝ COMBO
A2: Mã combo | B2: Tên combo | C2: Giá vốn combo | D2: Giá bán combo | E2: Lãi combo | F2: Ghi chú
A3: CB001 | B3: Combo giữ dáng | C3: =IF(A3="","",SUMIFS(Combo_chi_tiet!$H$3:$H$200,Combo_chi_tiet!$A$3:$A$200,$A3)) -> 166038.13 | D3: 219000 | E3: =IF(OR(C3="",D3=""),"",D3-C3) -> 52961.871 | H3: Mã combo không được trùng
A4: CB002 | B4: Combo giảm cân | C4: =IF(A4="","",SUMIFS(Combo_chi_tiet!$H$3:$H$200,Combo_chi_tiet!$A$3:$A$200,$A4)) -> 261026.49 | D4: 345000 | E4: =IF(OR(C4="",D4=""),"",D4-C4) -> 83973.512
A5: CB003 | B5: Combo Tăng cơ | C5: =IF(A5="","",SUMIFS(Combo_chi_tiet!$H$3:$H$200,Combo_chi_tiet!$A$3:$A$200,$A5)) -> 302062.97 | D5: 395000 | E5: =IF(OR(C5="",D5=""),"",D5-C5) -> 92937.033
A6: CB004 | B6: Combo Power Fit | C6: =IF(A6="","",SUMIFS(Combo_chi_tiet!$H$3:$H$200,Combo_chi_tiet!$A$3:$A$200,$A6)) -> 408246.73 | D6: 536000 | E6: =IF(OR(C6="",D6=""),"",D6-C6) -> 127753.27
A7: CB005 | B7: Combo giữ dáng. | C7: =Thuc_don!C31 -> 163745.18 | D7: =Thuc_don!B31 -> 219000 | E7: =IF(OR(C7="",D7=""),"",D7-C7) -> 55254.816
A8: CB006 | B8: Combo giảm cân. | C8: =Thuc_don!C32 -> 259242.38 | D8: =Thuc_don!B32 -> 345000 | E8: =IF(OR(C8="",D8=""),"",D8-C8) -> 85757.622
A9: CB007 | B9: Combo Tăng cơ. | C9: =Thuc_don!C33 -> 300067.52 | D9: =Thuc_don!B33 -> 394000 | E9: =IF(OR(C9="",D9=""),"",D9-C9) -> 93932.477
A10: CB008 | B10: Combo Power Fit. | C10: =Thuc_don!C34 -> 395451.26 | D10: =Thuc_don!B34 -> 524000 | E10: =IF(OR(C10="",D10=""),"",D10-C10) -> 128548.74
A11: CB009 | C11: =Thuc_don!C35 | D11: =Thuc_don!B35 | E11: =IF(OR(C11="",D11=""),"",D11-C11)
A12: CB010 | C12: =Thuc_don!C36 | E12: =IF(OR(C12="",D12=""),"",D12-C12)
A13: CB011 | C13: =Thuc_don!C37 | E13: =IF(OR(C13="",D13=""),"",D13-C13)
A14: CB012 | C14: =Thuc_don!C38 | E14: =IF(OR(C14="",D14=""),"",D14-C14)
A15: CB013 | C15: =Thuc_don!C39 | E15: =IF(OR(C15="",D15=""),"",D15-C15)
A16: CB014 | C16: =Thuc_don!C40 | E16: =IF(OR(C16="",D16=""),"",D16-C16)
A17: CB015 | C17: =Thuc_don!C41 | E17: =IF(OR(C17="",D17=""),"",D17-C17)
A18: CB016 | C18: =Thuc_don!C42 | E18: =IF(OR(C18="",D18=""),"",D18-C18)

Sheet Combo_chi_tiet
A1: CHI TIẾT THÀNH PHẦN COMBO
A2: Mã combo | B2: Tên combo | C2: STT | D2: Tên món | E2: Trọng lượng | F2: SL món/combo | G2: Giá vốn/gói | H2: Tổng giá vốn dòng | I2: Mô tả hiển thị | J2: Key dòng
A3: CB001 | B3: Combo giữ dáng | C3: 1 | D3: Ức gà cajun | E3: 100g | F3: 1 | G3: {=IFERROR(INDEX(Bang_gia!$E$2:$E$1209,MATCH(D3&" | "&E3,Bang_gia!$A$2:$A$1209,0)),"")} -> 16408.796 | H3: =IF(OR(F3="",G3=""),"",F3*G3) -> 16408.796 | I3: =IF(D3="","",D3&" "&E3&IF(F3>1," x"&F3,"")) -> Ức gà cajun 100g | J3: =IF(B3="","",B3&"|"&C3) -> Combo giữ dáng|1
A4: CB001 | B4: Combo giữ dáng | C4: 2 | D4: Ức gà sả chanh | E4: 100g | F4: 1 | G4: {=IFERROR(INDEX(Bang_gia!$E$2:$E$1209,MATCH(D4&" | "&E4,Bang_gia!$A$2:$A$1209,0)),"")} -> 15610.994 | H4: =IF(OR(F4="",G4=""),"",F4*G4) -> 15610.994 | I4: =IF(D4="","",D4&" "&E4&IF(F4>1," x"&F4,"")) -> Ức gà sả chanh 100g | J4: =IF(B4="","",B4&"|"&C4) -> Combo giữ dáng|2
A5: CB001 | B5: Combo giữ dáng | C5: 3 | D5: Nạ̣c heo tây bắc | E5: 100g | F5: 1 | G5: {=IFERROR(INDEX(Bang_gia!$E$2:$E$1209,MATCH(D5&" | "&E5,Bang_gia!$A$2:$A$1209,0)),"")} -> 20440.409 | H5: =IF(OR(F5="",G5=""),"",F5*G5) -> 20440.409 | I5: =IF(D5="","",D5&" "&E5&IF(F5>1," x"&F5,"")) -> Nạ̣c heo tây bắc 100g | J5: =IF(B5="","",B5&"|"&C5) -> Combo giữ dáng|3
A6: CB001 | B6: Combo giữ dáng | C6: 4 | D6: Thăn bò̀ cajun | E6: 100g | F6: 1 | G6: {=IFERROR(INDEX(Bang_gia!$E$2:$E$1209,MATCH(D6&" | "&E6,Bang_gia!$A$2:$A$1209,0)),"")} -> 38908.796 | H6: =IF(OR(F6="",G6=""),"",F6*G6) -> 38908.796 | I6: =IF(D6="","",D6&" "&E6&IF(F6>1," x"&F6,"")) -> Thăn bò̀ cajun 100g | J6: =IF(B6="","",B6&"|"&C6) -> Combo giữ dáng|4
A7: CB001 | B7: Combo giữ dáng | C7: 5 | D7: Tôm kiểu Ý | E7: 100g | F7: 1 | G7: {=IFERROR(INDEX(Bang_gia!$E$2:$E$1209,MATCH(D7&" | "&E7,Bang_gia!$A$2:$A$1209,0)),"")} -> 45476.796 | H7: =IF(OR(F7="",G7=""),"",F7*G7) -> 45476.796 | I7: =IF(D7="","",D7&" "&E7&IF(F7>1," x"&F7,"")) -> Tôm kiểu Ý 100g | J7: =IF(B7="","",B7&"|"&C7) -> Combo giữ dáng|5
A8: CB001 | B8: Combo giữ dáng | C8: 6 | D8: Cá tầm gừng tỏi | E8: 100g | F8: 1 | G8: {=IFERROR(INDEX(Bang_gia!$E$2:$E$1209,MATCH(D8&" | "&E8,Bang_gia!$A$2:$A$1209,0)),"")} -> 29192.338 | H8: =IF(OR(F8="",G8=""),"",F8*G8) -> 29192.338 | I8: =IF(D8="","",D8&" "&E8&IF(F8>1," x"&F8,"")) -> Cá tầm gừng tỏi 100g | J8: =IF(B8="","",B8&"|"&C8) -> Combo giữ dáng|6
A9: CB002 | B9: Combo giảm cân | C9: 1 | D9: Ức gà cajun | E9: 100g | F9: 1 | G9: {=IFERROR(INDEX(Bang_gia!$E$2:$E$1209,MATCH(D9&" | "&E9,Bang_gia!$A$2:$A$1209,0)),"")} -> 16408.796 | H9: =IF(OR(F9="",G9=""),"",F9*G9) -> 16408.796 | I9: =IF(D9="","",D9&" "&E9&IF(F9>1," x"&F9,"")) -> Ức gà cajun 100g | J9: =IF(B9="","",B9&"|"&C9) -> Combo giảm cân|1
A10: CB002 | B10: Combo giảm cân | C10: 2 | D10: Ức gà sả chanh | E10: 100g | F10: 1 | G10: {=IFERROR(INDEX(Bang_gia!$E$2:$E$1209,MATCH(D10&" | "&E10,Bang_gia!$A$2:$A$1209,0)),"")} -> 15610.994 | H10: =IF(OR(F10="",G10=""),"",F10*G10) -> 15610.994 | I10: =IF(D10="","",D10&" "&E10&IF(F10>1," x"&F10,"")) -> Ức gà sả chanh 100g | J10: =IF(B10="","",B10&"|"&C10) -> Combo giảm cân|2
A11: CB002 | B11: Combo giảm cân | C11: 3 | D11: Ứ́c gà gừng tỏi | E11: 100g | F11: 1 | G11: {=IFERROR(INDEX(Bang_gia!$E$2:$E$1209,MATCH(D11&" | "&E11,Bang_gia!$A$2:$A$1209,0)),"")} -> 15624.338 | H11: =IF(OR(F11="",G11=""),"",F11*G11) -> 15624.338 | I11: =IF(D11="","",D11&" "&E11&IF(F11>1," x"&F11,"")) -> Ứ́c gà gừng tỏi 100g | J11: =IF(B11="","",B11&"|"&C11) -> Combo giảm cân|3
A12: CB002 | B12: Combo giảm cân | C12: 4 | D12: Ức gà ngũ vị | E12: 100g | F12: 1 | G12: {=IFERROR(INDEX(Bang_gia!$E$2:$E$1209,MATCH(D12&" | "&E12,Bang_gia!$A$2:$A$1209,0)),"")} -> 16153.894 | H12: =IF(OR(F12="",G12=""),"",F12*G12) -> 16153.894 | I12: =IF(D12="","",D12&" "&E12&IF(F12>1," x"&F12,"")) -> Ức gà ngũ vị 100g | J12: =IF(B12="","",B12&"|"&C12) -> Combo giảm cân|4
A13: CB002 | B13: Combo giảm cân | C13: 5 | D13: Nạc heo sả nghệ | E13: 100g | F13: 1 | G13: {=IFERROR(INDEX(Bang_gia!$E$2:$E$1209,MATCH(D13&" | "&E13,Bang_gia!$A$2:$A$1209,0)),"")} -> 18460.896 | H13: =IF(OR(F13="",G13=""),"",F13*G13) -> 18460.896 | I13: =IF(D13="","",D13&" "&E13&IF(F13>1," x"&F13,"")) -> Nạc heo sả nghệ 100g | J13: =IF(B13="","",B13&"|"&C13) -> Combo giảm cân|5
A14: CB002 | B14: Combo giảm cân | C14: 6 | D14: Cốt lết gừng tỏi | E14: 100g | F14: 1 | G14: {=IFERROR(INDEX(Bang_gia!$E$2:$E$1209,MATCH(D14&" | "&E14,Bang_gia!$A$2:$A$1209,0)),"")} -> 19624.338 | H14: =IF(OR(F14="",G14=""),"",F14*G14) -> 19624.338 | I14: =IF(D14="","",D14&" "&E14&IF(F14>1," x"&F14,"")) -> Cốt lết gừng tỏi 100g | J14: =IF(B14="","",B14&"|"&C14) -> Combo giảm cân|6
... A66: CB008 | B66: Combo Power Fit. | C66: 8 | D66: Tôm cajun | E66: 200g | F66: 1 | G66: {=IFERROR(INDEX(Bang_gia!$E$2:$E$1209,MATCH(D66&" | "&E66,Bang_gia!$A$2:$A$1209,0)),"")} -> 90953.592 | H66: =IF(OR(F66="",G66=""),"",F66*G66) -> 90953.592 | I66: =IF(D66="","",D66&" "&E66&IF(F66>1," x"&F66,"")) -> Tôm cajun 200g | J66: =IF(B66="","",B66&"|"&C66) -> Combo Power Fit.|8
F67: 1 | G67: {=IFERROR(INDEX(Bang_gia!$E$2:$E$1209,MATCH(D67&" | "&E67,Bang_gia!$A$2:$A$1209,0)),"")} | H67: =IF(OR(F67="",G67=""),"",F67*G67) | I67: =IF(D67="","",D67&" "&E67&IF(F67>1," x"&F67,"")) | J67: =IF(B67="","",B67&"|"&C67)
F68: 1 | G68: {=IFERROR(INDEX(Bang_gia!$E$2:$E$1209,MATCH(D68&" | "&E68,Bang_gia!$A$2:$A$1209,0)),"")} | H68: =IF(OR(F68="",G68=""),"",F68*G68) | I68: =IF(D68="","",D68&" "&E68&IF(F68>1," x"&F68,"")) | J68: =IF(B68="","",B68&"|"&C68)
F69: 1 | G69: {=IFERROR(INDEX(Bang_gia!$E$2:$E$1209,MATCH(D69&" | "&E69,Bang_gia!$A$2:$A$1209,0)),"")} | H69: =IF(OR(F69="",G69=""),"",F69*G69) | I69: =IF(D69="","",D69&" "&E69&IF(F69>1," x"&F69,"")) | J69: =IF(B69="","",B69&"|"&C69)
F70: 1 | G70: {=IFERROR(INDEX(Bang_gia!$E$2:$E$1209,MATCH(D70&" | "&E70,Bang_gia!$A$2:$A$1209,0)),"")} | H70: =IF(OR(F70="",G70=""),"",F70*G70) | I70: =IF(D70="","",D70&" "&E70&IF(F70>1," x"&F70,"")) | J70: =IF(B70="","",B70&"|"&C70)
F71: 1 | G71: {=IFERROR(INDEX(Bang_gia!$E$2:$E$1209,MATCH(D71&" | "&E71,Bang_gia!$A$2:$A$1209,0)),"")} | H71: =IF(OR(F71="",G71=""),"",F71*G71) | I71: =IF(D71="","",D71&" "&E71&IF(F71>1," x"&F71,"")) | J71: =IF(B71="","",B71&"|"&C71)
F72: 1 | G72: {=IFERROR(INDEX(Bang_gia!$E$2:$E$1209,MATCH(D72&" | "&E72,Bang_gia!$A$2:$A$1209,0)),"")} | H72: =IF(OR(F72="",G72=""),"",F72*G72) | I72: =IF(D72="","",D72&" "&E72&IF(F72>1," x"&F72,"")) | J72: =IF(B72="","",B72&"|"&C72)
F73: 1 | G73: {=IFERROR(INDEX(Bang_gia!$E$2:$E$1209,MATCH(D73&" | "&E73,Bang_gia!$A$2:$A$1209,0)),"")} | H73: =IF(OR(F73="",G73=""),"",F73*G73) | I73: =IF(D73="","",D73&" "&E73&IF(F73>1," x"&F73,"")) | J73: =IF(B73="","",B73&"|"&C73)
F74: 1 | G74: {=IFERROR(INDEX(Bang_gia!$E$2:$E$1209,MATCH(D74&" | "&E74,Bang_gia!$A$2:$A$1209,0)),"")} | H74: =IF(OR(F74="",G74=""),"",F74*G74) | I74: =IF(D74="","",D74&" "&E74&IF(F74>1," x"&F74,"")) | J74: =IF(B74="","",B74&"|"&C74)
F75: 1 | G75: {=IFERROR(INDEX(Bang_gia!$E$2:$E$1209,MATCH(D75&" | "&E75,Bang_gia!$A$2:$A$1209,0)),"")} | H75: =IF(OR(F75="",G75=""),"",F75*G75) | I75: =IF(D75="","",D75&" "&E75&IF(F75>1," x"&F75,"")) | J75: =IF(B75="","",B75&"|"&C75)
F76: 1 | G76: {=IFERROR(INDEX(Bang_gia!$E$2:$E$1209,MATCH(D76&" | "&E76,Bang_gia!$A$2:$A$1209,0)),"")} | H76: =IF(OR(F76="",G76=""),"",F76*G76) | I76: =IF(D76="","",D76&" "&E76&IF(F76>1," x"&F76,"")) | J76: =IF(B76="","",B76&"|"&C76)
F77: 1 | G77: {=IFERROR(INDEX(Bang_gia!$E$2:$E$1209,MATCH(D77&" | "&E77,Bang_gia!$A$2:$A$1209,0)),"")} | H77: =IF(OR(F77="",G77=""),"",F77*G77) | I77: =IF(D77="","",D77&" "&E77&IF(F77>1," x"&F77,"")) | J77: =IF(B77="","",B77&"|"&C77)
F78: 1 | G78: {=IFERROR(INDEX(Bang_gia!$E$2:$E$1209,MATCH(D78&" | "&E78,Bang_gia!$A$2:$A$1209,0)),"")} | H78: =IF(OR(F78="",G78=""),"",F78*G78) | I78: =IF(D78="","",D78&" "&E78&IF(F78>1," x"&F78,"")) | J78: =IF(B78="","",B78&"|"&C78)
... F1000: 1 | G1000: {=IFERROR(INDEX(Bang_gia!$E$2:$E$1209,MATCH(D1000&" | "&E1000,Bang_gia!$A$2:$A$1209,0)),"")} | H1000: =IF(OR(F1000="",G1000=""),"",F1000*G1000) | I1000: =IF(D1000="","",D1000&" "&E1000&IF(F1000>1," x"&F1000,"")) | J1000: =IF(B1000="","",B1000&"|"&C1000)

Sheet Khach_hang
A1: Tên KH (KHÔNG ĐƯỢC TRÙNG) | B1: SĐT | C1: Địa chỉ | D1: Ghi chú
A2: Anh Quân | F2: Thông tin khách hàng không cho phép trùng
A3: Chị Nga
A4: Bích Thuận
A5: Ms. Ngọc - Chung cư Feliz
A6: Mẹ Bột - Chung cư City Garden
A7: Yến Q7
A8: Trúc
A9: Huyền dạy yoga cổng vào Vista
A10: Anh Trung Vista
A11: Phụng Huỳnh | B11: 0785898050 | C11: Masteri Thảo Điền, Tháp T1,
A12: Bé Quỳnh
A13: Mai Thị Khuyên | B13: 0982877929 | C13: T4/22-03, chung cư Estella Heights, khu phố 9, phường Bình Trưng,
A14: Bích Trinh | B14: 038 772 9447 | C14: 675 nguyễn kiệm, phú nhuận
A15: Bé Huyền (Q2)
A16: Ms. Vân (Q1) | B16: 0907136100 | C16: Diamond Plaza, 34 Lê Duẩn phường Sài Gòn
A17: Chị Dung (A.Đức) | C17: 59 Vành Đai Tây
A18: Chị Oanh (Q11) | B18: 0918456744 | C18: 132 Ông Ích Khiêm, P5, Q11
A19: Chú Dụng | C19: Giao qua nhóm Bích
A20: Chị Thu (Phú Mỹ) | C20: Phú Mỹ VT
A21: Bé Huyền (An Phú Q2) | C21: An Phú
A22: Chị Xuân (Nhóm Bích) | C22: Nhóm Bích | D22: Giao 3h chiều Thứ 2, ngày 30/3
A23: Thương | C23: 214C/21 Lê Văn Thịnh
A24: Nguyễn Thanh Trúc (FB Thảo) | C24: Lấy tận nơi
A25: Bé Kiều (FIT) | C25: Giao qua nhóm fit
A26: Bé Hiền (khách FIT) | C26: Lấy tận nơi
A27: Chị Trần Lệ Ninh | B27: 0931863981 | C27: Cổng B cảng Cát Lái, số 2 Lê Phụng Hiểu, Q2
A28: Chị An Lạc (In Ấn) | B28: 0986994700 | C28: 32 - Đường 4B - Phường bình tân, TP. HCM
A29: Bích Trinh (VIB) 28.3 | C29: Lấy tận nơi
A30: Chị Oanh Auditor 28.3 | B30: 0936801123 | C30: 71/39/26A nguyễn bặc phường tân sơn hòa.
A31: Phạm Lê Thùy Ngân (Lâm Đồng) | B31: 0773815733 | C31: Ngân Thuỳ 0773815733 Nhà Thông Tàu - thôn 4, đinh trang thượng | D31: CN giao
A32: Chị Thi (Vietcombank) | B32: 0904453454 | C32: 303 Phan Đình Phùng, P.15, Phú Nhuận, | D32: Thứ 2 giao
A33: Trọng Dương | B33: FB page | C33: Lấy tận nơi 8h tối 1/4 | D33: đã giao
A34: Trần Thị Hải Yến | C34: Lấy tận nơi Vista Verde (CN hoặc T2)
A35: Minh Thị Võ | B35: FB page | C35: Lấy tận nơi Vista Verde (CN hoặc T2)
A36: Trịnh Châu | B36: 0984191939 | C36: 132/7 tân mỹ phường tân thuận tây q7 | D36: Giao Thứ 2
A37: Bích Nguyễn | C37: Nhóm Bích | D37: CN giao
A38: Chị Thanh (bạn Được | C38: Lấy tận nơi (hàng sẵn)
A39: Cha Ỉn | B39: 035 6653154 | C39: C15 cao thị chính phường Phú thuận quận 7 | D39: Giao Thứ 2
A40: Cam Tran | B40: 0913699168 | C40: Chung cư Q7, boulevard, 600 nguyễn lương bằng, lô A1, quận 7 | D40: Giao Thứ 2
A41: Vương Hải Oanh | B41: 0938539886 | C41: 702 Xa Lộ Hà Nội, Tăng Nhơn Phú (Hiệp Phú cũ), Thủ Đức, TP.HCM | D41: Giao trưa Thứ 7
A42: Ha Nguyen | B42: 0903063690 | C42: 141 điện biên phủ trường đại học kinh tế tài chính | D42: Giao chiều Thứ 2
A43: Hồng ngọc | B43: 0868427596 | C43: Khách tự book ship
A44: Tố Quyên (Shujen Phương FB) | B44: 0817260296 | C44: 90 đường số 77, p Tân Quy, Q7 | D44: Giao CN
A45: Emmy Ngoc | B45: 0842423939 | C45: 53/2 Hồ Hảo Hớn, phường cầu ông lãnh,quận 1 | D45: Giao CN
A46: Chị Ngân Nguyễn Vista T4 | C46: L3005 Vista Verde T4
A47: Trang (khách vista) | C47: Chị Hà giao
A48: Phuong Phan
A49: Thủy Tiên | B49: 077 2017375 | C49: 11b nguyễn bỉnh khiêm, phường sài gòn
A50: Tran Hien | B50: 0919138278 | C50: Phú đông Sky Garden 24 an bình, dĩ an, bình duong | D50: giao cn Thảo mang về
A51: Thanh Tuyền | B51: 0901616560 | C51: Vincom Thảo Điền | D51: Thứ 7 giao
A52: Thanh Tâm | B52: 0913902705 | C52: 213, liên khu 4-5, phường Bình Tân, Tphcm | D52: Giao 7/4
A53: Phuong phan | B53: 0906097608 | C53: Tòa A Thảo Điền Pearl- số 12 quốc hương | D53: giao liền
A54: Bé Huyền (An Phú Q2) | D54: tới lấy

Sheet Don_hang
A1: Mã đơn | B1: Ngày | C1: Tên KH | D1: Nhân viên Giới thiệu | E1: Địa chỉ | F1: SĐT | G1: Tổng SL | H1: Phí ship | I1: Shipper | J1: Tổng CHƯA SHIP | K1: Tổng CÓ SHIP | L1: Giảm giá 10% (%) | M1: Giảm giá (đ) | N1: Sau giảm (đ) | O1: Đã thanh toán | P1: TỔNG THANH TOÁN | Q1: Trạng thái đơn | R1: Trạng thái giao hàng | S1: Loại Đơn Hàng | T1: Ghi chú | V1: Cột vàng là để nhập: B, C, G, J, K
A2: DH0001 | B2: 46098 | C2: Anh Quân | D2: Thảo | E2: {=IF(C2="","",IFERROR(INDEX(Khach_hang!$C$2:$C$999,MATCH(C2,Khach_hang!$A$2:$A$999,0)),""))} | F2: {=IF(C2="","",IFERROR(INDEX(Khach_hang!$B$2:$B$999,MATCH(C2,Khach_hang!$A$2:$A$999,0)),""))} | G2: =IF(A2="","",SUMIF(Chi_tiet_don_hang!$A$2:$A$989,A2,Chi_tiet_don_hang!$F$2:$F$989)) -> 10 | H2: 0 | I2: - | J2: =K2-H2 -> 508000 | K2: =IF(A2="","",SUMIF(Chi_tiet_don_hang!$A$2:$A$989,A2,Chi_tiet_don_hang!$I$2:$I$989))+H2 -> 508000 | L2: 0.1 | M2: =(J2*L2) -> 50800 | N2: =J2-(J2*L2) -> 457200 | O2: 457200 | P2: =IF(A2="","",MAX(N2+H2-O2,0)) -> 0 | Q2: Đã thanh toán | R2: Đã giao hàng | S2: Hàng sẵn | V2: Lựa chọn ở cột: C
A3: DH0002 | B3: 46098 | C3: Chị Nga | D3: Hà | E3: 139/28 Phan đăng lưu, phường cầu kiệu. | F3: 0918757551 | G3: =IF(A3="","",SUMIF(Chi_tiet_don_hang!$A$2:$A$989,A3,Chi_tiet_don_hang!$F$2:$F$989)) -> 5 | H3: 40000 | I3: - | J3: =K3-H3 -> 396000 | K3: =IF(A3="","",SUMIF(Chi_tiet_don_hang!$A$2:$A$989,A3,Chi_tiet_don_hang!$I$2:$I$989))+H3 -> 436000 | L3: 0.1 | M3: =(J3*L3) -> 39600 | N3: =J3-(J3*L3) -> 356400 | O3: 396400 | P3: =IF(A3="","",MAX(N3+H3-O3,0)) -> 0 | Q3: Đã thanh toán | R3: Đã giao hàng | S3: Hàng sẵn | V3: Cột xám là tự tính, áp dụng công thức có sẵn từ những ô trên => Có thể copy xuống
A4: DH0003 | B4: 46098 | C4: Bích Thuận | D4: Thảo | E4: {=IF(C4="","",IFERROR(INDEX(Khach_hang!$C$2:$C$999,MATCH(C4,Khach_hang!$A$2:$A$999,0)),""))} | F4: {=IF(C4="","",IFERROR(INDEX(Khach_hang!$B$2:$B$999,MATCH(C4,Khach_hang!$A$2:$A$999,0)),""))} | G4: =IF(A4="","",SUMIF(Chi_tiet_don_hang!$A$2:$A$989,A4,Chi_tiet_don_hang!$F$2:$F$989)) -> 5 | H4: 0 | I4: - | J4: =K4-H4 -> 202000 | K4: =IF(A4="","",SUMIF(Chi_tiet_don_hang!$A$2:$A$989,A4,Chi_tiet_don_hang!$I$2:$I$989))+H4 -> 202000 | L4: 0.1 | M4: =(J4*L4) -> 20200 | N4: =J4-(J4*L4) -> 181800 | O4: 181800 | P4: =IF(A4="","",MAX(N4+H4-O4,0)) -> 0 | Q4: Đã thanh toán | R4: Đã giao hàng | S4: Hàng sẵn
A5: DH0004 | B5: 46098 | C5: Ms. Ngọc - Chung cư Feliz | D5: Hằng | E5: {=IF(C5="","",IFERROR(INDEX(Khach_hang!$C$2:$C$999,MATCH(C5,Khach_hang!$A$2:$A$999,0)),""))} | F5: {=IF(C5="","",IFERROR(INDEX(Khach_hang!$B$2:$B$999,MATCH(C5,Khach_hang!$A$2:$A$999,0)),""))} | G5: =IF(A5="","",SUMIF(Chi_tiet_don_hang!$A$2:$A$989,A5,Chi_tiet_don_hang!$F$2:$F$989)) -> 5 | H5: 0 | I5: - | J5: =K5-H5 -> 372000 | K5: =IF(A5="","",SUMIF(Chi_tiet_don_hang!$A$2:$A$989,A5,Chi_tiet_don_hang!$I$2:$I$989))+H5 -> 372000 | L5: 0.1 | M5: =(J5*L5) -> 37200 | N5: =J5-(J5*L5) -> 334800 | O5: 332000 | P5: =IF(A5="","",MAX(N5+H5-O5,0)) -> 2800 | Q5: Đã thanh toán | R5: Đã giao hàng | S5: Hàng sẵn
A6: DH0005 | B6: 46098 | C6: Mẹ Bột - Chung cư City Garden | D6: Thảo | E6: Chung cư city garden Tháp 1 (59 ngô tất tố) | F6: 077 2017375 | G6: =IF(A6="","",SUMIF(Chi_tiet_don_hang!$A$2:$A$989,A6,Chi_tiet_don_hang!$F$2:$F$989)) -> 5 | H6: 30000 | I6: - | J6: =K6-H6 -> 260000 | K6: =IF(A6="","",SUMIF(Chi_tiet_don_hang!$A$2:$A$989,A6,Chi_tiet_don_hang!$I$2:$I$989))+H6 -> 290000 | L6: 0.1 | M6: =(J6*L6) -> 26000 | N6: =J6-(J6*L6) -> 234000 | O6: 264000 | P6: =IF(A6="","",MAX(N6+H6-O6,0)) -> 0 | Q6: Đã thanh toán | R6: Đã giao hàng | S6: Hàng sẵn
A7: DH0006 | B7: 46098 | C7: Yến Q7 | D7: Hằng | E7: {=IF(C7="","",IFERROR(INDEX(Khach_hang!$C$2:$C$999,MATCH(C7,Khach_hang!$A$2:$A$999,0)),""))} | F7: {=IF(C7="","",IFERROR(INDEX(Khach_hang!$B$2:$B$999,MATCH(C7,Khach_hang!$A$2:$A$999,0)),""))} | G7: =IF(A7="","",SUMIF(Chi_tiet_don_hang!$A$2:$A$989,A7,Chi_tiet_don_hang!$F$2:$F$989)) -> 13 | H7: 55000 | I7: - | J7: =K7-H7 -> 701000 | K7: =IF(A7="","",SUMIF(Chi_tiet_don_hang!$A$2:$A$989,A7,Chi_tiet_don_hang!$I$2:$I$989))+H7 -> 756000 | L7: 0.1 | M7: =(J7*L7) -> 70100 | N7: =J7-(J7*L7) -> 630900 | O7: 685900 | P7: =IF(A7="","",MAX(N7+H7-O7,0)) -> 0 | Q7: Đã thanh toán | R7: Đã giao hàng | S7: Hàng sẵn
A8: DH0007 | B8: 46098 | C8: Trúc | D8: Hằng | E8: {=IF(C8="","",IFERROR(INDEX(Khach_hang!$C$2:$C$999,MATCH(C8,Khach_hang!$A$2:$A$999,0)),""))} | F8: {=IF(C8="","",IFERROR(INDEX(Khach_hang!$B$2:$B$999,MATCH(C8,Khach_hang!$A$2:$A$999,0)),""))} | G8: =IF(A8="","",SUMIF(Chi_tiet_don_hang!$A$2:$A$989,A8,Chi_tiet_don_hang!$F$2:$F$989)) -> 5 | H8: 0 | I8: - | J8: =K8-H8 -> 186000 | K8: =IF(A8="","",SUMIF(Chi_tiet_don_hang!$A$2:$A$989,A8,Chi_tiet_don_hang!$I$2:$I$989))+H8 -> 186000 | L8: 0.1 | M8: =(J8*L8) -> 18600 | N8: =J8-(J8*L8) -> 167400 | O8: 168000 | P8: =IF(A8="","",MAX(N8+H8-O8,0)) -> 0 | Q8: Đã thanh toán | R8: Đã giao hàng | S8: Hàng sẵn
A9: DH0008 | B9: 46098 | C9: Huyền dạy yoga cổng vào Vista | D9: Hà | E9: {=IF(C9="","",IFERROR(INDEX(Khach_hang!$C$2:$C$999,MATCH(C9,Khach_hang!$A$2:$A$999,0)),""))} | F9: {=IF(C9="","",IFERROR(INDEX(Khach_hang!$B$2:$B$999,MATCH(C9,Khach_hang!$A$2:$A$999,0)),""))} | G9: =IF(A9="","",SUMIF(Chi_tiet_don_hang!$A$2:$A$989,A9,Chi_tiet_don_hang!$F$2:$F$989)) -> 2 | H9: 0 | I9: - | J9: =K9-H9 -> 72000 | K9: =IF(A9="","",SUMIF(Chi_tiet_don_hang!$A$2:$A$989,A9,Chi_tiet_don_hang!$I$2:$I$989))+H9 -> 72000 | L9: 0.1 | M9: =(J9*L9) -> 7200 | N9: =J9-(J9*L9) -> 64800 | O9: 64800 | P9: =IF(A9="","",MAX(N9+H9-O9,0)) -> 0 | Q9: Đã thanh toán | R9: Đã giao hàng | S9: Hàng sẵn
A10: DH0009 | B10: 46099 | C10: Anh Trung Vista | D10: Hà | E10: {=IF(C10="","",IFERROR(INDEX(Khach_hang!$C$2:$C$999,MATCH(C10,Khach_hang!$A$2:$A$999,0)),""))} | F10: {=IF(C10="","",IFERROR(INDEX(Khach_hang!$B$2:$B$999,MATCH(C10,Khach_hang!$A$2:$A$999,0)),""))} | G10: =IF(A10="","",SUMIF(Chi_tiet_don_hang!$A$2:$A$989,A10,Chi_tiet_don_hang!$F$2:$F$989)) -> 5 | H10: 0 | I10: - | J10: =K10-H10 -> 260000 | K10: =IF(A10="","",SUMIF(Chi_tiet_don_hang!$A$2:$A$989,A10,Chi_tiet_don_hang!$I$2:$I$989))+H10 -> 260000 | L10: 0.1 | M10: =(J10*L10) -> 26000 | N10: =J10-(J10*L10) -> 234000 | O10: 234000 | P10: =IF(A10="","",MAX(N10+H10-O10,0)) -> 0 | Q10: Đã thanh toán | R10: Đã giao hàng | S10: Hàng sẵn
A11: DH0010 | B11: 46100 | C11: Phụng Huỳnh | D11: Hà | E11: {=IF(C11="","",IFERROR(INDEX(Khach_hang!$C$2:$C$999,MATCH(C11,Khach_hang!$A$2:$A$999,0)),""))} -> Masteri Thảo Điền, Tháp T1, | F11: {=IF(C11="","",IFERROR(INDEX(Khach_hang!$B$2:$B$999,MATCH(C11,Khach_hang!$A$2:$A$999,0)),""))} -> 0785898050 | G11: =IF(A11="","",SUMIF(Chi_tiet_don_hang!$A$2:$A$989,A11,Chi_tiet_don_hang!$F$2:$F$989)) -> 5 | H11: 35000 | I11: - | J11: =K11-H11 -> 215000 | K11: =IF(A11="","",SUMIF(Chi_tiet_don_hang!$A$2:$A$989,A11,Chi_tiet_don_hang!$I$2:$I$989))+H11 -> 250000 | L11: 0.1 | M11: =(J11*L11) -> 21500 | N11: =J11-(J11*L11) -> 193500 | O11: 228500 | P11: =IF(A11="","",MAX(N11+H11-O11,0)) -> 0 | Q11: Đã thanh toán | R11: Đã giao hàng | S11: Hàng sẵn
A12: DH0011 | B12: 46100 | C12: Bé Quỳnh | D12: Uyên | E12: {=IF(C12="","",IFERROR(INDEX(Khach_hang!$C$2:$C$999,MATCH(C12,Khach_hang!$A$2:$A$999,0)),""))} | F12: {=IF(C12="","",IFERROR(INDEX(Khach_hang!$B$2:$B$999,MATCH(C12,Khach_hang!$A$2:$A$999,0)),""))} | G12: =IF(A12="","",SUMIF(Chi_tiet_don_hang!$A$2:$A$989,A12,Chi_tiet_don_hang!$F$2:$F$989)) -> 3 | H12: 0 | I12: - | J12: =K12-H12 -> 108000 | K12: =IF(A12="","",SUMIF(Chi_tiet_don_hang!$A$2:$A$989,A12,Chi_tiet_don_hang!$I$2:$I$989))+H12 -> 108000 | L12: 0.1 | M12: =(J12*L12) -> 10800 | N12: =J12-(J12*L12) -> 97200 | O12: 97200 | P12: =IF(A12="","",MAX(N12+H12-O12,0)) -> 0 | Q12: Đã thanh toán | R12: Đã giao hàng | S12: Hàng sẵn
A13: DH0012 | B13: 20/03/2026 | C13: Mai Thị Khuyên | D13: Hà | E13: {=IF(C13="","",IFERROR(INDEX(Khach_hang!$C$2:$C$999,MATCH(C13,Khach_hang!$A$2:$A$999,0)),""))} -> T4/22-03, chung cư Estella Heights, khu phố 9, phường Bình Trưng, | F13: {=IF(C13="","",IFERROR(INDEX(Khach_hang!$B$2:$B$999,MATCH(C13,Khach_hang!$A$2:$A$999,0)),""))} -> 0982877929 | G13: =IF(A13="","",SUMIF(Chi_tiet_don_hang!$A$2:$A$989,A13,Chi_tiet_don_hang!$F$2:$F$989)) -> 5 | H13: 35000 | I13: - | J13: =K13-H13 -> 281000 | K13: =IF(A13="","",SUMIF(Chi_tiet_don_hang!$A$2:$A$989,A13,Chi_tiet_don_hang!$I$2:$I$989))+H13 -> 316000 | L13: 0.1 | M13: =(J13*L13) -> 28100 | N13: =J13-(J13*L13) -> 252900 | O13: 288000 | P13: =IF(A13="","",MAX(N13+H13-O13,0)) -> 0 | Q13: Đã thanh toán | R13: Đã giao hàng | S13: Hàng sẵn | T13: Trả ship anh kềnh 140k
A14: DH0013 | B14: 21/03/2026 | C14: Bích Trinh | D14: Hằng | E14: {=IF(C14="","",IFERROR(INDEX(Khach_hang!$C$2:$C$999,MATCH(C14,Khach_hang!$A$2:$A$999,0)),""))} -> 675 nguyễn kiệm, phú nhuận | F14: {=IF(C14="","",IFERROR(INDEX(Khach_hang!$B$2:$B$999,MATCH(C14,Khach_hang!$A$2:$A$999,0)),""))} -> 038 772 9447 | G14: =IF(A14="","",SUMIF(Chi_tiet_don_hang!$A$2:$A$989,A14,Chi_tiet_don_hang!$F$2:$F$989)) -> 5 | H14: 60000 | I14: - | J14: =K14-H14 -> 308500 | K14: =IF(A14="","",SUMIF(Chi_tiet_don_hang!$A$2:$A$989,A14,Chi_tiet_don_hang!$I$2:$I$989))+H14 -> 368500 | L14: 0.1 | M14: =(J14*L14) -> 30850 | N14: =J14-(J14*L14) -> 277650 | O14: 337650 | P14: =IF(A14="","",MAX(N14+H14-O14,0)) -> 0 | Q14: Đã thanh toán | R14: Đã giao hàng | S14: Hàng sẵn
A15: DH0014 | B15: 21/03/2026 | C15: Bé Huyền (Q2) | D15: Hằng | E15: Tới Vista lấy | F15: {=IF(C15="","",IFERROR(INDEX(Khach_hang!$B$2:$B$999,MATCH(C15,Khach_hang!$A$2:$A$999,0)),""))} | G15: =IF(A15="","",SUMIF(Chi_tiet_don_hang!$A$2:$A$989,A15,Chi_tiet_don_hang!$F$2:$F$989)) -> 4 | H15: 0 | I15: - | J15: =K15-H15 -> 115500 | K15: =IF(A15="","",SUMIF(Chi_tiet_don_hang!$A$2:$A$989,A15,Chi_tiet_don_hang!$I$2:$I$989))+H15 -> 115500 | L15: 0.1 | M15: =(J15*L15) -> 11550 | N15: =J15-(J15*L15) -> 103950 | O15: 104000 | P15: =IF(A15="","",MAX(N15+H15-O15,0)) -> 0 | Q15: Đã thanh toán | R15: Đã giao hàng | S15: Hàng sẵn
A16: DH0015 | B16: 23/03/2026 | C16: Ms. Vân (Q1) | D16: Hằng | E16: {=IF(C16="","",IFERROR(INDEX(Khach_hang!$C$2:$C$999,MATCH(C16,Khach_hang!$A$2:$A$999,0)),""))} -> Diamond Plaza, 34 Lê Duẩn phường Sài Gòn | F16: {=IF(C16="","",IFERROR(INDEX(Khach_hang!$B$2:$B$999,MATCH(C16,Khach_hang!$A$2:$A$999,0)),""))} -> 0907136100 | G16: =IF(A16="","",SUMIF(Chi_tiet_don_hang!$A$2:$A$989,A16,Chi_tiet_don_hang!$F$2:$F$989)) -> 6 | H16: 0 | I16: - | J16: =K16-H16 -> 285100 | K16: =IF(A16="","",SUMIF(Chi_tiet_don_hang!$A$2:$A$989,A16,Chi_tiet_don_hang!$I$2:$I$989))+H16 -> 285100 | L16: 0.1 | M16: =(J16*L16) -> 28510 | N16: =J16-(J16*L16) -> 256590 | O16: 256590 | P16: =IF(A16="","",MAX(N16+H16-O16,0)) -> 0 | Q16: Đã thanh toán | R16: Đã giao hàng | S16: Hàng sẵn
A17: DH0016 | B17: 22/03/2026 | C17: Chị Dung (A.Đức) | D17: Hằng | E17: {=IF(C17="","",IFERROR(INDEX(Khach_hang!$C$2:$C$999,MATCH(C17,Khach_hang!$A$2:$A$999,0)),""))} -> 59 Vành Đai Tây | F17: {=IF(C17="","",IFERROR(INDEX(Khach_hang!$B$2:$B$999,MATCH(C17,Khach_hang!$A$2:$A$999,0)),""))} | G17: =IF(A17="","",SUMIF(Chi_tiet_don_hang!$A$2:$A$989,A17,Chi_tiet_don_hang!$F$2:$F$989)) -> 5 | H17: 25000 | I17: - | J17: =K17-H17 -> 394000 | K17: =IF(A17="","",SUMIF(Chi_tiet_don_hang!$A$2:$A$989,A17,Chi_tiet_don_hang!$I$2:$I$989))+H17 -> 419000 | L17: 0.1 | M17: =(J17*L17) -> 39400 | N17: =J17-(J17*L17) -> 354600 | O17: 380000 | P17: =IF(A17="","",MAX(N17+H17-O17,0)) -> 0 | Q17: Đã thanh toán | R17: Đã giao hàng | S17: Hàng sẵn
A18: DH0017 | B18: 23/03/2026 | C18: Chị Oanh (Q11) | D18: Hằng | E18: {=IF(C18="","",IFERROR(INDEX(Khach_hang!$C$2:$C$999,MATCH(C18,Khach_hang!$A$2:$A$999,0)),""))} -> 132 Ông Ích Khiêm, P5, Q11 | F18: {=IF(C18="","",IFERROR(INDEX(Khach_hang!$B$2:$B$999,MATCH(C18,Khach_hang!$A$2:$A$999,0)),""))} -> 0918456744 | G18: =IF(A18="","",SUMIF(Chi_tiet_don_hang!$A$2:$A$989,A18,Chi_tiet_don_hang!$F$2:$F$989)) -> 12 | H18: 70000 | I18: - | J18: =K18-H18 -> 886000 | K18: =IF(A18="","",SUMIF(Chi_tiet_don_hang!$A$2:$A$989,A18,Chi_tiet_don_hang!$I$2:$I$989))+H18 -> 956000 | L18: 0.1 | M18: =(J18*L18) -> 88600 | N18: =J18-(J18*L18) -> 797400 | O18: 870000 | P18: =IF(A18="","",MAX(N18+H18-O18,0)) -> 0 | Q18: Đã thanh toán | R18: Đã giao hàng | S18: Hàng sẵn
A19: DH0018 | B19: 24/03/2026 | C19: Chú Dụng | D19: Hằng | E19: {=IF(C19="","",IFERROR(INDEX(Khach_hang!$C$2:$C$999,MATCH(C19,Khach_hang!$A$2:$A$999,0)),""))} -> Giao qua nhóm Bích | F19: {=IF(C19="","",IFERROR(INDEX(Khach_hang!$B$2:$B$999,MATCH(C19,Khach_hang!$A$2:$A$999,0)),""))} | G19: =IF(A19="","",SUMIF(Chi_tiet_don_hang!$A$2:$A$989,A19,Chi_tiet_don_hang!$F$2:$F$989)) -> 5 | H19: 0 | I19: - | J19: =K19-H19 -> 190750 | K19: =IF(A19="","",SUMIF(Chi_tiet_don_hang!$A$2:$A$989,A19,Chi_tiet_don_hang!$I$2:$I$989))+H19 -> 190750 | L19: 0.1 | M19: =(J19*L19) -> 19075 | N19: =J19-(J19*L19) -> 171675 | O19: 172000 | P19: =IF(A19="","",MAX(N19+H19-O19,0)) -> 0 | Q19: Đã thanh toán | R19: Đã giao hàng | S19: Hàng sẵn
A20: DH0019 | B20: 24/03/2026 | C20: Chị Thu (Phú Mỹ) | D20: Hằng | E20: {=IF(C20="","",IFERROR(INDEX(Khach_hang!$C$2:$C$999,MATCH(C20,Khach_hang!$A$2:$A$999,0)),""))} -> Phú Mỹ VT | F20: {=IF(C20="","",IFERROR(INDEX(Khach_hang!$B$2:$B$999,MATCH(C20,Khach_hang!$A$2:$A$999,0)),""))} | G20: =IF(A20="","",SUMIF(Chi_tiet_don_hang!$A$2:$A$989,A20,Chi_tiet_don_hang!$F$2:$F$989)) -> 18 | H20: 60000 | I20: - | J20: =K20-H20 -> 966000 | K20: =IF(A20="","",SUMIF(Chi_tiet_don_hang!$A$2:$A$989,A20,Chi_tiet_don_hang!$I$2:$I$989))+H20 -> 1026000 | L20: 0.1 | M20: =(J20*L20) -> 96600 | N20: =J20-(J20*L20) -> 869400 | O20: 930000 | P20: =IF(A20="","",MAX(N20+H20-O20,0)) -> 0 | Q20: Đã thanh toán | R20: Đã giao hàng | S20: Hàng sẵn
A21: DH0020 | B21: 25/03/2026 | C21: Bé Huyền (An Phú Q2) | D21: Hằng | E21: An Phú | F21: {=IF(C21="","",IFERROR(INDEX(Khach_hang!$B$2:$B$999,MATCH(C21,Khach_hang!$A$2:$A$999,0)),""))} | G21: =IF(A21="","",SUMIF(Chi_tiet_don_hang!$A$2:$A$989,A21,Chi_tiet_don_hang!$F$2:$F$989)) -> 6 | H21: 19000 | I21: - | J21: =K21-H21 -> 295000 | K21: =IF(A21="","",SUMIF(Chi_tiet_don_hang!$A$2:$A$989,A21,Chi_tiet_don_hang!$I$2:$I$989))+H21 -> 314000 | L21: 0.1 | M21: =(J21*L21) -> 29500 | N21: =J21-(J21*L21) -> 265500 | O21: 284500 | P21: =IF(A21="","",MAX(N21+H21-O21,0)) -> 0 | Q21: Đã thanh toán | R21: Đã giao hàng | S21: Hàng sẵn
A22: DH0021 | B22: 25/03/2026 | C22: Chị Xuân (Nhóm Bích) | D22: Uyên | E22: {=IF(C22="","",IFERROR(INDEX(Khach_hang!$C$2:$C$999,MATCH(C22,Khach_hang!$A$2:$A$999,0)),""))} -> Nhóm Bích | F22: {=IF(C22="","",IFERROR(INDEX(Khach_hang!$B$2:$B$999,MATCH(C22,Khach_hang!$A$2:$A$999,0)),""))} | G22: =IF(A22="","",SUMIF(Chi_tiet_don_hang!$A$2:$A$989,A22,Chi_tiet_don_hang!$F$2:$F$989)) -> 5 | H22: 25000 | I22: - | J22: =K22-H22 -> 346000 | K22: =IF(A22="","",SUMIF(Chi_tiet_don_hang!$A$2:$A$989,A22,Chi_tiet_don_hang!$I$2:$I$989))+H22 -> 371000 | L22: 0.1 | M22: =(J22*L22) -> 34600 | N22: =J22-(J22*L22) -> 311400 | O22: 337000 | P22: =IF(A22="","",MAX(N22+H22-O22,0)) -> 0 | Q22: Đã thanh toán | R22: Đã giao hàng | S22: Hàng sẵn
A23: DH0022 | B23: 25/03/2026 | C23: Thương | D23: Hằng | E23: {=IF(C23="","",IFERROR(INDEX(Khach_hang!$C$2:$C$999,MATCH(C23,Khach_hang!$A$2:$A$999,0)),""))} -> 214C/21 Lê Văn Thịnh | F23: {=IF(C23="","",IFERROR(INDEX(Khach_hang!$B$2:$B$999,MATCH(C23,Khach_hang!$A$2:$A$999,0)),""))} | G23: =IF(A23="","",SUMIF(Chi_tiet_don_hang!$A$2:$A$989,A23,Chi_tiet_don_hang!$F$2:$F$989)) -> 5 | H23: 0 | I23: - | J23: =K23-H23 -> 354000 | K23: =IF(A23="","",SUMIF(Chi_tiet_don_hang!$A$2:$A$989,A23,Chi_tiet_don_hang!$I$2:$I$989))+H23 -> 354000 | L23: 0.1 | M23: =(J23*L23) -> 35400 | N23: =J23-(J23*L23) -> 318600 | O23: 320000 | P23: =IF(A23="","",MAX(N23+H23-O23,0)) -> 0 | Q23: Đã thanh toán | R23: Đã giao hàng | S23: Hàng sẵn
A24: DH0023 | B24: 26/03/2026 | C24: Nguyễn Thanh Trúc (FB Thảo) | D24: Thảo | E24: {=IF(C24="","",IFERROR(INDEX(Khach_hang!$C$2:$C$999,MATCH(C24,Khach_hang!$A$2:$A$999,0)),""))} -> Lấy tận nơi | F24: {=IF(C24="","",IFERROR(INDEX(Khach_hang!$B$2:$B$999,MATCH(C24,Khach_hang!$A$2:$A$999,0)),""))} | G24: =IF(A24="","",SUMIF(Chi_tiet_don_hang!$A$2:$A$989,A24,Chi_tiet_don_hang!$F$2:$F$989)) -> 8 | H24: 0 | I24: - | J24: =K24-H24 -> 270000 | K24: =IF(A24="","",SUMIF(Chi_tiet_don_hang!$A$2:$A$989,A24,Chi_tiet_don_hang!$I$2:$I$989))+H24 -> 270000 | L24: 0.1 | M24: =(J24*L24) -> 27000 | N24: =J24-(J24*L24) -> 243000 | O24: 243000 | P24: =IF(A24="","",MAX(N24+H24-O24,0)) -> 0 | Q24: Đã thanh toán | R24: Đã giao hàng | S24: Hàng sẵn
A25: DH0024 | B25: 26/03/2026 | C25: Bé Kiều (FIT) | D25: Hằng | E25: {=IF(C25="","",IFERROR(INDEX(Khach_hang!$C$2:$C$999,MATCH(C25,Khach_hang!$A$2:$A$999,0)),""))} -> Giao qua nhóm fit | F25: {=IF(C25="","",IFERROR(INDEX(Khach_hang!$B$2:$B$999,MATCH(C25,Khach_hang!$A$2:$A$999,0)),""))} | G25: =IF(A25="","",SUMIF(Chi_tiet_don_hang!$A$2:$A$989,A25,Chi_tiet_don_hang!$F$2:$F$989)) -> 2 | H25: 0 | I25: - | J25: =K25-H25 -> 126000 | K25: =IF(A25="","",SUMIF(Chi_tiet_don_hang!$A$2:$A$989,A25,Chi_tiet_don_hang!$I$2:$I$989))+H25 -> 126000 | L25: 0.1 | M25: =(J25*L25) -> 12600 | N25: =J25-(J25*L25) -> 113400 | O25: 126000 | P25: =IF(A25="","",MAX(N25+H25-O25,0)) -> 0 | Q25: Đã thanh toán | R25: Đã giao hàng | S25: Hàng sẵn
A26: DH0025 | B26: 26/03/2026 | C26: Bé Hiền (FIT) | D26: Thảo | E26: Lấy tận nơi | F26: {=IF(C26="","",IFERROR(INDEX(Khach_hang!$B$2:$B$999,MATCH(C26,Khach_hang!$A$2:$A$999,0)),""))} | G26: =IF(A26="","",SUMIF(Chi_tiet_don_hang!$A$2:$A$989,A26,Chi_tiet_don_hang!$F$2:$F$989)) -> 5 | H26: 0 | I26: - | J26: =K26-H26 -> 130000 | K26: =IF(A26="","",SUMIF(Chi_tiet_don_hang!$A$2:$A$989,A26,Chi_tiet_don_hang!$I$2:$I$989))+H26 -> 130000 | L26: 0.1 | M26: =(J26*L26) -> 13000 | N26: =J26-(J26*L26) -> 117000 | O26: 117000 | P26: =IF(A26="","",MAX(N26+H26-O26,0)) -> 0 | Q26: Đã thanh toán | R26: Đã giao hàng | S26: Hàng sẵn
A27: DH0026 | B27: 27/03/2026 | C27: Chị Trần Lệ Ninh | D27: Hằng | E27: {=IF(C27="","",IFERROR(INDEX(Khach_hang!$C$2:$C$999,MATCH(C27,Khach_hang!$A$2:$A$999,0)),""))} -> Cổng B cảng Cát Lái, số 2 Lê Phụng Hiểu, Q2 | F27: {=IF(C27="","",IFERROR(INDEX(Khach_hang!$B$2:$B$999,MATCH(C27,Khach_hang!$A$2:$A$999,0)),""))} -> 0931863981 | G27: =IF(A27="","",SUMIF(Chi_tiet_don_hang!$A$2:$A$989,A27,Chi_tiet_don_hang!$F$2:$F$989)) -> 8 | H27: 30000 | I27: - | J27: =K27-H27 -> 520000 | K27: =IF(A27="","",SUMIF(Chi_tiet_don_hang!$A$2:$A$989,A27,Chi_tiet_don_hang!$I$2:$I$989))+H27 -> 550000 | L27: 0.1 | M27: =(J27*L27) -> 52000 | N27: =J27-(J27*L27) -> 468000 | O27: 498000 | P27: =IF(A27="","",MAX(N27+H27-O27,0)) -> 0 | Q27: Đã thanh toán | R27: Đã giao hàng | S27: Hàng sẵn
A28: DH0027 | B28: 27/03/2026 | C28: Chị An Lạc (In Ấn) | D28: Hằng | E28: {=IF(C28="","",IFERROR(INDEX(Khach_hang!$C$2:$C$999,MATCH(C28,Khach_hang!$A$2:$A$999,0)),""))} -> 32 - Đường 4B - Phường bình tân, TP. HCM | F28: {=IF(C28="","",IFERROR(INDEX(Khach_hang!$B$2:$B$999,MATCH(C28,Khach_hang!$A$2:$A$999,0)),""))} -> 0986994700 | G28: =IF(A28="","",SUMIF(Chi_tiet_don_hang!$A$2:$A$989,A28,Chi_tiet_don_hang!$F$2:$F$989)) -> 10 | H28: 80000 | I28: - | J28: =K28-H28 -> 275000 | K28: =IF(A28="","",SUMIF(Chi_tiet_don_hang!$A$2:$A$989,A28,Chi_tiet_don_hang!$I$2:$I$989))+H28 -> 355000 | L28: 0.1 | M28: =(J28*L28) -> 27500 | N28: =J28-(J28*L28) -> 247500 | O28: 327500 | P28: =IF(A28="","",MAX(N28+H28-O28,0)) -> 0 | Q28: Đã thanh toán | R28: Đã giao hàng | S28: Hàng sẵn
A29: DH0028 | B29: 28/03/2026 | C29: Bích Trinh (VIB) 28.3 | D29: Hằng | E29: {=IF(C29="","",IFERROR(INDEX(Khach_hang!$C$2:$C$999,MATCH(C29,Khach_hang!$A$2:$A$999,0)),""))} -> Lấy tận nơi | F29: {=IF(C29="","",IFERROR(INDEX(Khach_hang!$B$2:$B$999,MATCH(C29,Khach_hang!$A$2:$A$999,0)),""))} | G29: =IF(A29="","",SUMIF(Chi_tiet_don_hang!$A$2:$A$989,A29,Chi_tiet_don_hang!$F$2:$F$989)) -> 3 | H29: 0 | I29: - | J29: =K29-H29 -> 313700 | K29: =IF(A29="","",SUMIF(Chi_tiet_don_hang!$A$2:$A$989,A29,Chi_tiet_don_hang!$I$2:$I$989))+H29 -> 313700 | L29: 0.1 | M29: =(J29*L29) -> 31370 | N29: =J29-(J29*L29) -> 282330 | O29: 285000 | P29: =IF(A29="","",MAX(N29+H29-O29,0)) -> 0 | Q29: Đã thanh toán | R29: Đã giao hàng | S29: Hàng sẵn
A30: DH0029 | B30: 28/03/2026 | C30: Chị Oanh Auditor 28.3 | D30: Hằng | E30: {=IF(C30="","",IFERROR(INDEX(Khach_hang!$C$2:$C$999,MATCH(C30,Khach_hang!$A$2:$A$999,0)),""))} -> 71/39/26A nguyễn bặc phường tân sơn hòa. | F30: {=IF(C30="","",IFERROR(INDEX(Khach_hang!$B$2:$B$999,MATCH(C30,Khach_hang!$A$2:$A$999,0)),""))} -> 0936801123 | G30: =IF(A30="","",SUMIF(Chi_tiet_don_hang!$A$2:$A$989,A30,Chi_tiet_don_hang!$F$2:$F$989)) -> 8 | H30: 71000 | I30: - | J30: =K30-H30 -> 433050 | K30: =IF(A30="","",SUMIF(Chi_tiet_don_hang!$A$2:$A$989,A30,Chi_tiet_don_hang!$I$2:$I$989))+H30 -> 504050 | L30: 0.1 | M30: =(J30*L30) -> 43305 | N30: =J30-(J30*L30) -> 389745 | O30: 460745 | P30: =IF(A30="","",MAX(N30+H30-O30,0)) -> 0 | Q30: Đã thanh toán | R30: Đã giao hàng | S30: Hàng sẵn
A31: DH0030 | B31: 46113 | C31: Trọng Dương | D31: Hằng | E31: {=IF(C31="","",IFERROR(INDEX(Khach_hang!$C$2:$C$999,MATCH(C31,Khach_hang!$A$2:$A$999,0)),""))} -> Lấy tận nơi 8h tối 1/4 | F31: {=IF(C31="","",IFERROR(INDEX(Khach_hang!$B$2:$B$999,MATCH(C31,Khach_hang!$A$2:$A$999,0)),""))} -> FB page | G31: =IF(A31="","",SUMIF(Chi_tiet_don_hang!$A$2:$A$989,A31,Chi_tiet_don_hang!$F$2:$F$989)) -> 5 | H31: 0 | I31: - | J31: =K31-H31 -> 319800 | K31: =IF(A31="","",SUMIF(Chi_tiet_don_hang!$A$2:$A$989,A31,Chi_tiet_don_hang!$I$2:$I$989))+H31 -> 319800 | L31: 0.1 | M31: =(J31*L31) -> 31980 | N31: =J31-(J31*L31) -> 287820 | O31: 288000 | P31: =IF(A31="","",MAX(N31+H31-O31,0)) -> 0 | Q31: Đã thanh toán | R31: Đã giao hàng | S31: Hàng sẵn
A32: DH0031 | B32: 46113 | C32: Phạm Lê Thùy Ngân (Lâm Đồng) | D32: Hằng | E32: {=IF(C32="","",IFERROR(INDEX(Khach_hang!$C$2:$C$999,MATCH(C32,Khach_hang!$A$2:$A$999,0)),""))} -> Ngân Thuỳ 0773815733 Nhà Thông Tàu - thôn 4, đinh trang thượng | F32: {=IF(C32="","",IFERROR(INDEX(Khach_hang!$B$2:$B$999,MATCH(C32,Khach_hang!$A$2:$A$999,0)),""))} -> 0773815733 | G32: =IF(A32="","",SUMIF(Chi_tiet_don_hang!$A$2:$A$989,A32,Chi_tiet_don_hang!$F$2:$F$989)) -> 7 | H32: 108000 | I32: Được | J32: =K32-H32 -> 608000 | K32: =IF(A32="","",SUMIF(Chi_tiet_don_hang!$A$2:$A$989,A32,Chi_tiet_don_hang!$I$2:$I$989))+H32 -> 716000 | L32: 0.05 | M32: =(J32*L32) -> 30400 | N32: =J32-(J32*L32) -> 577600 | O32: 690000 | P32: =IF(A32="","",MAX(N32+H32-O32,0)) -> 0 | Q32: Đã thanh toán | R32: Đã giao hàng | S32: Hàng sẵn
A33: DH0032 | B33: 46113 | C33: Chị Thi (Vietcombank) | D33: Hằng | E33: {=IF(C33="","",IFERROR(INDEX(Khach_hang!$C$2:$C$999,MATCH(C33,Khach_hang!$A$2:$A$999,0)),""))} -> 303 Phan Đình Phùng, P.15, Phú Nhuận, | F33: {=IF(C33="","",IFERROR(INDEX(Khach_hang!$B$2:$B$999,MATCH(C33,Khach_hang!$A$2:$A$999,0)),""))} -> 0904453454 | G33: =IF(A33="","",SUMIF(Chi_tiet_don_hang!$A$2:$A$989,A33,Chi_tiet_don_hang!$F$2:$F$989)) -> 6 | H33: 50000 | I33: Kềnh | J33: =K33-H33 -> 232000 | K33: =IF(A33="","",SUMIF(Chi_tiet_don_hang!$A$2:$A$989,A33,Chi_tiet_don_hang!$I$2:$I$989))+H33 -> 282000 | L33: 0.1 | M33: =(J33*L33) -> 23200 | N33: =J33-(J33*L33) -> 208800 | O33: 0 | P33: =IF(A33="","",MAX(N33+H33-O33,0)) -> 258800 | Q33: Đã thanh toán | R33: Đã giao hàng | S33: Hàng sẵn
A34: DH0033 | B34: 46113 | C34: Trần Thị Hải Yến | D34: Khách page | E34: {=IF(C34="","",IFERROR(INDEX(Khach_hang!$C$2:$C$999,MATCH(C34,Khach_hang!$A$2:$A$999,0)),""))} -> Lấy tận nơi Vista Verde (CN hoặc T2) | F34: {=IF(C34="","",IFERROR(INDEX(Khach_hang!$B$2:$B$999,MATCH(C34,Khach_hang!$A$2:$A$999,0)),""))} | G34: =IF(A34="","",SUMIF(Chi_tiet_don_hang!$A$2:$A$989,A34,Chi_tiet_don_hang!$F$2:$F$989)) -> 3 | H34: 0 | I34: - | J34: =K34-H34 -> 97500 | K34: =IF(A34="","",SUMIF(Chi_tiet_don_hang!$A$2:$A$989,A34,Chi_tiet_don_hang!$I$2:$I$989))+H34 -> 97500 | L34: 0.05 | M34: =(J34*L34) -> 4875 | N34: =J34-(J34*L34) -> 92625 | O34: 92625 | P34: =IF(A34="","",MAX(N34+H34-O34,0)) -> 0 | Q34: Đã thanh toán | R34: Đã giao hàng | S34: Hàng sẵn
A35: DH0034 | B35: 46113 | C35: Minh Thị Võ | D35: Khách page | E35: {=IF(C35="","",IFERROR(INDEX(Khach_hang!$C$2:$C$999,MATCH(C35,Khach_hang!$A$2:$A$999,0)),""))} -> Lấy tận nơi Vista Verde (CN hoặc T2) | F35: {=IF(C35="","",IFERROR(INDEX(Khach_hang!$B$2:$B$999,MATCH(C35,Khach_hang!$A$2:$A$999,0)),""))} -> FB page | G35: =IF(A35="","",SUMIF(Chi_tiet_don_hang!$A$2:$A$989,A35,Chi_tiet_don_hang!$F$2:$F$989)) -> 10 | H35: 0 | I35: - | J35: =K35-H35 -> 360000 | K35: =IF(A35="","",SUMIF(Chi_tiet_don_hang!$A$2:$A$989,A35,Chi_tiet_don_hang!$I$2:$I$989))+H35 -> 360000 | L35: 0.05 | M35: =(J35*L35) -> 18000 | N35: =J35-(J35*L35) -> 342000 | O35: 100000 | P35: =IF(A35="","",MAX(N35+H35-O35,0)) -> 242000 | Q35: Đã thanh toán | R35: Đã giao hàng | S35: Hàng sẵn
A36: DH0035 | B36: 46113 | C36: Trịnh Châu | D36: Khách page | E36: {=IF(C36="","",IFERROR(INDEX(Khach_hang!$C$2:$C$999,MATCH(C36,Khach_hang!$A$2:$A$999,0)),""))} -> 132/7 tân mỹ phường tân thuận tây q7 | G36: =IF(A36="","",SUMIF(Chi_tiet_don_hang!$A$2:$A$989,A36,Chi_tiet_don_hang!$F$2:$F$989)) -> 1 | H36: 50000 | I36: Kềnh | J36: =K36-H36 -> 219000 | K36: =IF(A36="","",SUMIF(Chi_tiet_don_hang!$A$2:$A$989,A36,Chi_tiet_don_hang!$I$2:$I$989))+H36 -> 269000 | M36: =(J36*L36) -> 0 | N36: =J36-(J36*L36) -> 219000 | O36: 269000 | P36: =IF(A36="","",MAX(N36+H36-O36,0)) -> 0 | Q36: Đã thanh toán | R36: Đã giao hàng | S36: Hàng sẵn
A37: DH0036 | B37: 46114 | C37: Bích Nguyễn | D37: Hằng | E37: {=IF(C37="","",IFERROR(INDEX(Khach_hang!$C$2:$C$999,MATCH(C37,Khach_hang!$A$2:$A$999,0)),""))} -> Nhóm Bích | G37: =IF(A37="","",SUMIF(Chi_tiet_don_hang!$A$2:$A$989,A37,Chi_tiet_don_hang!$F$2:$F$989)) -> 6 | H37: 25000 | I37: Kềnh | J37: =K37-H37 -> 464000 | K37: =IF(A37="","",SUMIF(Chi_tiet_don_hang!$A$2:$A$989,A37,Chi_tiet_don_hang!$I$2:$I$989))+H37 -> 489000 | L37: 0.1 | M37: =(J37*L37) -> 46400 | N37: =J37-(J37*L37) -> 417600 | O37: 442000 | P37: =IF(A37="","",MAX(N37+H37-O37,0)) -> 600 | Q37: Đã thanh toán | R37: Đã giao hàng | S37: Hàng sẵn
A38: DH0037 | B38: 46114 | C38: Chị Thanh (bạn Được | D38: Hằng | E38: Lấy tận nơi hàng sẵn | G38: =IF(A38="","",SUMIF(Chi_tiet_don_hang!$A$2:$A$989,A38,Chi_tiet_don_hang!$F$2:$F$989)) -> 5 | H38: 30000 | I38: Được | J38: =K38-H38 -> 297400 | K38: =IF(A38="","",SUMIF(Chi_tiet_don_hang!$A$2:$A$989,A38,Chi_tiet_don_hang!$I$2:$I$989))+H38 -> 327400 | L38: 0.05 | M38: =(J38*L38) -> 14870 | N38: =J38-(J38*L38) -> 282530 | O38: 312000 | P38: =IF(A38="","",MAX(N38+H38-O38,0)) -> 530 | Q38: Đã thanh toán | R38: Đã giao hàng | S38: Hàng sẵn
A39: DH0038 | B39: 46114 | C39: Cha Ỉn | D39: Khách page | E39: {=IF(C39="","",IFERROR(INDEX(Khach_hang!$C$2:$C$999,MATCH(C39,Khach_hang!$A$2:$A$999,0)),""))} -> C15 cao thị chính phường Phú thuận quận 7 | F39: 035 6653154 | G39: =IF(A39="","",SUMIF(Chi_tiet_don_hang!$A$2:$A$989,A39,Chi_tiet_don_hang!$F$2:$F$989)) -> 1 | H39: 40000 | I39: Kềnh | J39: =K39-H39 -> 219000 | K39: =IF(A39="","",SUMIF(Chi_tiet_don_hang!$A$2:$A$989,A39,Chi_tiet_don_hang!$I$2:$I$989))+H39 -> 259000 | M39: =(J39*L39) -> 0 | N39: =J39-(J39*L39) -> 219000 | O39: 100000 | P39: =IF(A39="","",MAX(N39+H39-O39,0)) -> 159000 | Q39: Đã thanh toán | R39: Đã giao hàng | S39: Hàng sẵn
A40: DH0039 | B40: 46114 | C40: Cam Tran | D40: Khách page | E40: {=IF(C40="","",IFERROR(INDEX(Khach_hang!$C$2:$C$999,MATCH(C40,Khach_hang!$A$2:$A$999,0)),""))} -> Chung cư Q7, boulevard, 600 nguyễn lương bằng, lô A1, quận 7 | F40: {=IF(C40="","",IFERROR(INDEX(Khach_hang!$B$2:$B$999,MATCH(C40,Khach_hang!$A$2:$A$999,0)),""))} -> 0913699168 | G40: =IF(A40="","",SUMIF(Chi_tiet_don_hang!$A$2:$A$989,A40,Chi_tiet_don_hang!$F$2:$F$989)) -> 1 | H40: 45000 | I40: Kềnh | J40: =K40-H40 -> 395000 | K40: =IF(A40="","",SUMIF(Chi_tiet_don_hang!$A$2:$A$989,A40,Chi_tiet_don_hang!$I$2:$I$989))+H40 -> 440000 | M40: =(J40*L40) -> 0 | N40: =J40-(J40*L40) -> 395000 | O40: 100000 | P40: =IF(A40="","",MAX(N40+H40-O40,0)) -> 340000 | Q40: Đã thanh toán | R40: Đã giao hàng | S40: Hàng sẵn
A41: DH0040 | B41: 46114 | C41: Vương Hải Oanh | D41: Khách page | E41: {=IF(C41="","",IFERROR(INDEX(Khach_hang!$C$2:$C$999,MATCH(C41,Khach_hang!$A$2:$A$999,0)),""))} -> 702 Xa Lộ Hà Nội, Tăng Nhơn Phú (Hiệp Phú cũ), Thủ Đức, TP.HCM | F41: {=IF(C41="","",IFERROR(INDEX(Khach_hang!$B$2:$B$999,MATCH(C41,Khach_hang!$A$2:$A$999,0)),""))} -> 0938539886 | G41: =IF(A41="","",SUMIF(Chi_tiet_don_hang!$A$2:$A$989,A41,Chi_tiet_don_hang!$F$2:$F$989)) -> 1 | H41: 30000 | I41: Được | J41: =K41-H41 -> 345000 | K41: =IF(A41="","",SUMIF(Chi_tiet_don_hang!$A$2:$A$989,A41,Chi_tiet_don_hang!$I$2:$I$989))+H41 -> 375000 | M41: =(J41*L41) -> 0 | N41: =J41-(J41*L41) -> 345000 | P41: =IF(A41="","",MAX(N41+H41-O41,0)) -> 375000 | Q41: Đã thanh toán | R41: Đã giao hàng | S41: Hàng sẵn
A42: DH0041 | B42: 46085 | C42: Ha Nguyen | D42: Khách page | E42: {=IF(C42="","",IFERROR(INDEX(Khach_hang!$C$2:$C$999,MATCH(C42,Khach_hang!$A$2:$A$999,0)),""))} -> 141 điện biên phủ trường đại học kinh tế tài chính | F42: {=IF(C42="","",IFERROR(INDEX(Khach_hang!$B$2:$B$999,MATCH(C42,Khach_hang!$A$2:$A$999,0)),""))} -> 0903063690 | G42: =IF(A42="","",SUMIF(Chi_tiet_don_hang!$A$2:$A$989,A42,Chi_tiet_don_hang!$F$2:$F$989)) -> 1 | H42: 40000 | I42: Kềnh | J42: =K42-H42 -> 395000 | K42: =IF(A42="","",SUMIF(Chi_tiet_don_hang!$A$2:$A$989,A42,Chi_tiet_don_hang!$I$2:$I$989))+H42 -> 435000 | M42: =(J42*L42) -> 0 | N42: =J42-(J42*L42) -> 395000 | O42: 100000 | P42: =IF(A42="","",MAX(N42+H42-O42,0)) -> 335000 | Q42: Đã thanh toán | R42: Đã giao hàng | S42: Hàng sẵn
A43: DH0042 | B43: 46085 | C43: Hồng ngọc | D43: Khách page | E43: {=IF(C43="","",IFERROR(INDEX(Khach_hang!$C$2:$C$999,MATCH(C43,Khach_hang!$A$2:$A$999,0)),""))} -> Khách tự book ship | F43: {=IF(C43="","",IFERROR(INDEX(Khach_hang!$B$2:$B$999,MATCH(C43,Khach_hang!$A$2:$A$999,0)),""))} -> 0868427596 | G43: =IF(A43="","",SUMIF(Chi_tiet_don_hang!$A$2:$A$989,A43,Chi_tiet_don_hang!$F$2:$F$989)) -> 1 | J43: =K43-H43 -> 395000 | K43: =IF(A43="","",SUMIF(Chi_tiet_don_hang!$A$2:$A$989,A43,Chi_tiet_don_hang!$I$2:$I$989))+H43 -> 395000 | M43: =(J43*L43) -> 0 | N43: =J43-(J43*L43) -> 395000 | O43: 395000 | P43: =IF(A43="","",MAX(N43+H43-O43,0)) -> 0 | Q43: Đã thanh toán | R43: Đã giao hàng | S43: Hàng sẵn
A44: DH0043 | B44: 46085 | C44: Tố Quyên (Shujen Phương FB) | D44: Khách page | E44: {=IF(C44="","",IFERROR(INDEX(Khach_hang!$C$2:$C$999,MATCH(C44,Khach_hang!$A$2:$A$999,0)),""))} -> 90 đường số 77, p Tân Quy, Q7 | F44: {=IF(C44="","",IFERROR(INDEX(Khach_hang!$B$2:$B$999,MATCH(C44,Khach_hang!$A$2:$A$999,0)),""))} -> 0817260296 | G44: =IF(A44="","",SUMIF(Chi_tiet_don_hang!$A$2:$A$989,A44,Chi_tiet_don_hang!$F$2:$F$989)) -> 1 | H44: 45000 | I44: Kềnh | J44: =K44-H44 -> 219000 | K44: =IF(A44="","",SUMIF(Chi_tiet_don_hang!$A$2:$A$989,A44,Chi_tiet_don_hang!$I$2:$I$989))+H44 -> 264000 | M44: =(J44*L44) -> 0 | N44: =J44-(J44*L44) -> 219000 | O44: 264000 | P44: =IF(A44="","",MAX(N44+H44-O44,0)) -> 0 | Q44: Đã thanh toán | R44: Đã giao hàng | S44: Hàng sẵn
A45: DH0044 | B45: 46085 | C45: Emmy Ngoc | D45: Khách page | E45: {=IF(C45="","",IFERROR(INDEX(Khach_hang!$C$2:$C$999,MATCH(C45,Khach_hang!$A$2:$A$999,0)),""))} -> 53/2 Hồ Hảo Hớn, phường cầu ông lãnh,quận 1 | F45: {=IF(C45="","",IFERROR(INDEX(Khach_hang!$B$2:$B$999,MATCH(C45,Khach_hang!$A$2:$A$999,0)),""))} -> 0842423939 | G45: =IF(A45="","",SUMIF(Chi_tiet_don_hang!$A$2:$A$989,A45,Chi_tiet_don_hang!$F$2:$F$989)) -> 1 | H45: 40000 | I45: Kềnh | J45: =K45-H45 -> 395000 | K45: =IF(A45="","",SUMIF(Chi_tiet_don_hang!$A$2:$A$989,A45,Chi_tiet_don_hang!$I$2:$I$989))+H45 -> 435000 | M45: =(J45*L45) -> 0 | N45: =J45-(J45*L45) -> 395000 | O45: 435000 | P45: =IF(A45="","",MAX(N45+H45-O45,0)) -> 0 | Q45: Đã thanh toán | R45: Đã giao hàng | S45: Hàng sẵn
A46: DH0045 | B46: 46116 | C46: Chị Ngân Nguyễn Vista T4 | D46: Hằng | E46: {=IF(C46="","",IFERROR(INDEX(Khach_hang!$C$2:$C$999,MATCH(C46,Khach_hang!$A$2:$A$999,0)),""))} -> L3005 Vista Verde T4 | F46: {=IF(C46="","",IFERROR(INDEX(Khach_hang!$B$2:$B$999,MATCH(C46,Khach_hang!$A$2:$A$999,0)),""))} | G46: =IF(A46="","",SUMIF(Chi_tiet_don_hang!$A$2:$A$989,A46,Chi_tiet_don_hang!$F$2:$F$989)) -> 5 | J46: =K46-H46 -> 487000 | K46: =IF(A46="","",SUMIF(Chi_tiet_don_hang!$A$2:$A$989,A46,Chi_tiet_don_hang!$I$2:$I$989))+H46 -> 487000 | L46: 0.05 | M46: =(J46*L46) -> 24350 | N46: =J46-(J46*L46) -> 462650 | O46: 462650 | P46: =IF(A46="","",MAX(N46+H46-O46,0)) -> 0 | Q46: Đã thanh toán | R46: Đã giao hàng | S46: Hàng sẵn
A47: DH0046 | B47: 46118 | C47: Trang (khách vista) | D47: Hà | E47: {=IF(C47="","",IFERROR(INDEX(Khach_hang!$C$2:$C$999,MATCH(C47,Khach_hang!$A$2:$A$999,0)),""))} -> Chị Hà giao | F47: {=IF(C47="","",IFERROR(INDEX(Khach_hang!$B$2:$B$999,MATCH(C47,Khach_hang!$A$2:$A$999,0)),""))} | G47: =IF(A47="","",SUMIF(Chi_tiet_don_hang!$A$2:$A$989,A47,Chi_tiet_don_hang!$F$2:$F$989)) -> 5 | J47: =K47-H47 -> 322200 | K47: =IF(A47="","",SUMIF(Chi_tiet_don_hang!$A$2:$A$989,A47,Chi_tiet_don_hang!$I$2:$I$989))+H47 -> 322200 | L47: 0.05 | M47: =(J47*L47) -> 16110 | N47: =J47-(J47*L47) -> 306090 | O47: 0 | P47: =IF(A47="","",MAX(N47+H47-O47,0)) -> 306090 | Q47: Chưa thanh toán | R47: Chưa giao hàng | S47: Hàng sẵn
A48: DH0047 | B48: 46118 | C48: Thủy Tiên | D48: Thảo | E48: {=IF(C48="","",IFERROR(INDEX(Khach_hang!$C$2:$C$999,MATCH(C48,Khach_hang!$A$2:$A$999,0)),""))} -> 11b nguyễn bỉnh khiêm, phường sài gòn | F48: {=IF(C48="","",IFERROR(INDEX(Khach_hang!$B$2:$B$999,MATCH(C48,Khach_hang!$A$2:$A$999,0)),""))} -> 077 2017375 | G48: =IF(A48="","",SUMIF(Chi_tiet_don_hang!$A$2:$A$989,A48,Chi_tiet_don_hang!$F$2:$F$989)) -> 9 | H48: 48000 | I48: Hang tra | J48: =K48-H48 -> 348000 | K48: =IF(A48="","",SUMIF(Chi_tiet_don_hang!$A$2:$A$989,A48,Chi_tiet_don_hang!$I$2:$I$989))+H48 -> 396000 | L48: 0.05 | M48: =(J48*L48) -> 17400 | N48: =J48-(J48*L48) -> 330600 | O48: 378600 | P48: =IF(A48="","",MAX(N48+H48-O48,0)) -> 0 | Q48: Đã thanh toán | R48: Đã giao hàng | S48: Hàng sẵn
A49: DH0048 | B49: 46118 | C49: Tran Hien | D49: Khách page | E49: {=IF(C49="","",IFERROR(INDEX(Khach_hang!$C$2:$C$999,MATCH(C49,Khach_hang!$A$2:$A$999,0)),""))} -> Phú đông Sky Garden 24 an bình, dĩ an, bình duong | F49: {=IF(C49="","",IFERROR(INDEX(Khach_hang!$B$2:$B$999,MATCH(C49,Khach_hang!$A$2:$A$999,0)),""))} -> 0919138278 | G49: =IF(A49="","",SUMIF(Chi_tiet_don_hang!$A$2:$A$989,A49,Chi_tiet_don_hang!$F$2:$F$989)) -> 5 | H49: 43000 | J49: =K49-H49 -> 225000 | K49: =IF(A49="","",SUMIF(Chi_tiet_don_hang!$A$2:$A$989,A49,Chi_tiet_don_hang!$I$2:$I$989))+H49 -> 268000 | L49: 0.05 | M49: =(J49*L49) -> 11250 | N49: =J49-(J49*L49) -> 213750 | O49: 100000 | P49: =IF(A49="","",MAX(N49+H49-O49,0)) -> 156750 | Q49: Chưa thanh toán | R49: Chưa giao hàng | S49: Order
A50: DH0049 | B50: 46119 | C50: Thanh Tuyền | D50: Khách page | E50: {=IF(C50="","",IFERROR(INDEX(Khach_hang!$C$2:$C$999,MATCH(C50,Khach_hang!$A$2:$A$999,0)),""))} -> Vincom Thảo Điền | F50: {=IF(C50="","",IFERROR(INDEX(Khach_hang!$B$2:$B$999,MATCH(C50,Khach_hang!$A$2:$A$999,0)),""))} -> 0901616560 | G50: =IF(A50="","",SUMIF(Chi_tiet_don_hang!$A$2:$A$989,A50,Chi_tiet_don_hang!$F$2:$F$989)) -> 10 | H50: 38000 | J50: =K50-H50 -> 396000 | K50: =IF(A50="","",SUMIF(Chi_tiet_don_hang!$A$2:$A$989,A50,Chi_tiet_don_hang!$I$2:$I$989))+H50 -> 434000 | L50: 0.1 | M50: =(J50*L50) -> 39600 | N50: =J50-(J50*L50) -> 356400 | O50: 100000 | P50: =IF(A50="","",MAX(N50+H50-O50,0)) -> 294400 | Q50: Chưa thanh toán | R50: Chưa giao hàng | S50: Order
A51: DH0050 | B51: 46119 | C51: Thanh Tâm | D51: Khách page | E51: {=IF(C51="","",IFERROR(INDEX(Khach_hang!$C$2:$C$999,MATCH(C51,Khach_hang!$A$2:$A$999,0)),""))} -> 213, liên khu 4-5, phường Bình Tân, Tphcm | F51: {=IF(C51="","",IFERROR(INDEX(Khach_hang!$B$2:$B$999,MATCH(C51,Khach_hang!$A$2:$A$999,0)),""))} -> 0913902705 | G51: =IF(A51="","",SUMIF(Chi_tiet_don_hang!$A$2:$A$989,A51,Chi_tiet_don_hang!$F$2:$F$989)) -> 6 | H51: 110000 | I51: Hang tra | J51: =K51-H51 -> 344000 | K51: =IF(A51="","",SUMIF(Chi_tiet_don_hang!$A$2:$A$989,A51,Chi_tiet_don_hang!$I$2:$I$989))+H51 -> 454000 | L51: 0.05 | M51: =(J51*L51) -> 17200 | N51: =J51-(J51*L51) -> 326800 | O51: 436800 | P51: =IF(A51="","",MAX(N51+H51-O51,0)) -> 0 | Q51: Đã thanh toán | R51: Đã giao hàng | S51: Hàng sẵn
A52: DH0051 | B52: 46119 | C52: Thanh Tâm | D52: Khách page | E52: {=IF(C52="","",IFERROR(INDEX(Khach_hang!$C$2:$C$999,MATCH(C52,Khach_hang!$A$2:$A$999,0)),""))} -> 213, liên khu 4-5, phường Bình Tân, Tphcm | F52: {=IF(C52="","",IFERROR(INDEX(Khach_hang!$B$2:$B$999,MATCH(C52,Khach_hang!$A$2:$A$999,0)),""))} -> 0913902705 | G52: =IF(A52="","",SUMIF(Chi_tiet_don_hang!$A$2:$A$989,A52,Chi_tiet_don_hang!$F$2:$F$989)) -> 2 | H52: 110000 | J52: =K52-H52 -> 690000 | K52: =IF(A52="","",SUMIF(Chi_tiet_don_hang!$A$2:$A$989,A52,Chi_tiet_don_hang!$I$2:$I$989))+H52 -> 800000 | M52: =(J52*L52) -> 0 | N52: =J52-(J52*L52) -> 690000 | O52: 200000 | P52: =IF(A52="","",MAX(N52+H52-O52,0)) -> 600000 | Q52: Chưa thanh toán | R52: Chưa giao hàng | S52: Order
A53: DH0052 | B53: 46119 | C53: Phuong phan | D53: Khách page | E53: Tòa A Thảo Điền Pearl- số 12 quốc hương | F53: 0906097608 | G53: =IF(A53="","",SUMIF(Chi_tiet_don_hang!$A$2:$A$989,A53,Chi_tiet_don_hang!$F$2:$F$989)) -> 6 | H53: 32000 | I53: Hang tra | J53: =K53-H53 -> 354900 | K53: =IF(A53="","",SUMIF(Chi_tiet_don_hang!$A$2:$A$989,A53,Chi_tiet_don_hang!$I$2:$I$989))+H53 -> 386900 | L53: 0.05 | M53: =(J53*L53) -> 17745 | N53: =J53-(J53*L53) -> 337155 | O53: 100000 | P53: =IF(A53="","",MAX(N53+H53-O53,0)) -> 269155 | Q53: Chưa thanh toán | R53: Chưa giao hàng | S53: Order
A54: DH0053 | B54: 46119 | C54: Bé Huyền (An Phú Q2) | D54: Hằng | E54: {=IF(C54="","",IFERROR(INDEX(Khach_hang!$C$2:$C$999,MATCH(C54,Khach_hang!$A$2:$A$999,0)),""))} -> An Phú | F54: {=IF(C54="","",IFERROR(INDEX(Khach_hang!$B$2:$B$999,MATCH(C54,Khach_hang!$A$2:$A$999,0)),""))} | G54: 1 | J54: =K54-H54 -> 219000 | K54: 219000 | M54: =(J54*L54) -> 0 | N54: =J54-(J54*L54) -> 219000 | O54: 0 | P54: =IF(A54="","",MAX(N54+H54-O54,0)) -> 219000 | Q54: Chưa thanh toán | R54: Chưa giao hàng | S54: Order
A55: DH0054 | E55: {=IF(C55="","",IFERROR(INDEX(Khach_hang!$C$2:$C$999,MATCH(C55,Khach_hang!$A$2:$A$999,0)),""))} | F55: {=IF(C55="","",IFERROR(INDEX(Khach_hang!$B$2:$B$999,MATCH(C55,Khach_hang!$A$2:$A$999,0)),""))} | G55: =IF(A55="","",SUMIF(Chi_tiet_don_hang!$A$2:$A$989,A55,Chi_tiet_don_hang!$F$2:$F$989)) -> 0 | J55: =K55-H55 -> 0 | K55: =IF(A55="","",SUMIF(Chi_tiet_don_hang!$A$2:$A$989,A55,Chi_tiet_don_hang!$I$2:$I$989))+H55 -> 0 | M55: =(J55*L55) -> 0 | N55: =J55-(J55*L55) -> 0 | O55: 0 | P55: =IF(A55="","",MAX(N55+H55-O55,0)) -> 0 | Q55: Chưa thanh toán | R55: Chưa giao hàng | S55: Hàng sẵn
A56: DH0055 | E56: {=IF(C56="","",IFERROR(INDEX(Khach_hang!$C$2:$C$999,MATCH(C56,Khach_hang!$A$2:$A$999,0)),""))} | F56: {=IF(C56="","",IFERROR(INDEX(Khach_hang!$B$2:$B$999,MATCH(C56,Khach_hang!$A$2:$A$999,0)),""))} | G56: =IF(A56="","",SUMIF(Chi_tiet_don_hang!$A$2:$A$989,A56,Chi_tiet_don_hang!$F$2:$F$989)) -> 0 | J56: =K56-H56 -> 0 | K56: =IF(A56="","",SUMIF(Chi_tiet_don_hang!$A$2:$A$989,A56,Chi_tiet_don_hang!$I$2:$I$989))+H56 -> 0 | M56: =(J56*L56) -> 0 | N56: =J56-(J56*L56) -> 0 | O56: 0 | P56: =IF(A56="","",MAX(N56+H56-O56,0)) -> 0 | Q56: Chưa thanh toán | R56: Chưa giao hàng | S56: Hàng sẵn
A57: DH0056 | E57: {=IF(C57="","",IFERROR(INDEX(Khach_hang!$C$2:$C$999,MATCH(C57,Khach_hang!$A$2:$A$999,0)),""))} | F57: {=IF(C57="","",IFERROR(INDEX(Khach_hang!$B$2:$B$999,MATCH(C57,Khach_hang!$A$2:$A$999,0)),""))} | G57: =IF(A57="","",SUMIF(Chi_tiet_don_hang!$A$2:$A$989,A57,Chi_tiet_don_hang!$F$2:$F$989)) -> 0 | J57: =K57-H57 -> 0 | K57: =IF(A57="","",SUMIF(Chi_tiet_don_hang!$A$2:$A$989,A57,Chi_tiet_don_hang!$I$2:$I$989))+H57 -> 0 | M57: =(J57*L57) -> 0 | N57: =J57-(J57*L57) -> 0 | O57: 0 | P57: =IF(A57="","",MAX(N57+H57-O57,0)) -> 0 | Q57: Chưa thanh toán | R57: Chưa giao hàng | S57: Hàng sẵn
A58: DH0057 | E58: {=IF(C58="","",IFERROR(INDEX(Khach_hang!$C$2:$C$999,MATCH(C58,Khach_hang!$A$2:$A$999,0)),""))} | F58: {=IF(C58="","",IFERROR(INDEX(Khach_hang!$B$2:$B$999,MATCH(C58,Khach_hang!$A$2:$A$999,0)),""))} | G58: =IF(A58="","",SUMIF(Chi_tiet_don_hang!$A$2:$A$989,A58,Chi_tiet_don_hang!$F$2:$F$989)) -> 0 | J58: =K58-H58 -> 0 | K58: =IF(A58="","",SUMIF(Chi_tiet_don_hang!$A$2:$A$989,A58,Chi_tiet_don_hang!$I$2:$I$989))+H58 -> 0 | M58: =(J58*L58) -> 0 | N58: =J58-(J58*L58) -> 0 | O58: 0 | P58: =IF(A58="","",MAX(N58+H58-O58,0)) -> 0 | Q58: Chưa thanh toán | R58: Chưa giao hàng | S58: Hàng sẵn
A59: DH0058 | E59: {=IF(C59="","",IFERROR(INDEX(Khach_hang!$C$2:$C$999,MATCH(C59,Khach_hang!$A$2:$A$999,0)),""))} | F59: {=IF(C59="","",IFERROR(INDEX(Khach_hang!$B$2:$B$999,MATCH(C59,Khach_hang!$A$2:$A$999,0)),""))} | G59: =IF(A59="","",SUMIF(Chi_tiet_don_hang!$A$2:$A$989,A59,Chi_tiet_don_hang!$F$2:$F$989)) -> 0 | J59: =K59-H59 -> 0 | K59: =IF(A59="","",SUMIF(Chi_tiet_don_hang!$A$2:$A$989,A59,Chi_tiet_don_hang!$I$2:$I$989))+H59 -> 0 | M59: =(J59*L59) -> 0 | N59: =J59-(J59*L59) -> 0 | O59: 0 | P59: =IF(A59="","",MAX(N59+H59-O59,0)) -> 0 | Q59: Chưa thanh toán | R59: Chưa giao hàng | S59: Hàng sẵn
A60: DH0059 | E60: {=IF(C60="","",IFERROR(INDEX(Khach_hang!$C$2:$C$999,MATCH(C60,Khach_hang!$A$2:$A$999,0)),""))} | F60: {=IF(C60="","",IFERROR(INDEX(Khach_hang!$B$2:$B$999,MATCH(C60,Khach_hang!$A$2:$A$999,0)),""))} | G60: =IF(A60="","",SUMIF(Chi_tiet_don_hang!$A$2:$A$989,A60,Chi_tiet_don_hang!$F$2:$F$989)) -> 0 | J60: =K60-H60 -> 0 | K60: =IF(A60="","",SUMIF(Chi_tiet_don_hang!$A$2:$A$989,A60,Chi_tiet_don_hang!$I$2:$I$989))+H60 -> 0 | M60: =(J60*L60) -> 0 | N60: =J60-(J60*L60) -> 0 | O60: 0 | P60: =IF(A60="","",MAX(N60+H60-O60,0)) -> 0 | Q60: Chưa thanh toán | R60: Chưa giao hàng | S60: Hàng sẵn
A61: DH0060 | E61: {=IF(C61="","",IFERROR(INDEX(Khach_hang!$C$2:$C$999,MATCH(C61,Khach_hang!$A$2:$A$999,0)),""))} | F61: {=IF(C61="","",IFERROR(INDEX(Khach_hang!$B$2:$B$999,MATCH(C61,Khach_hang!$A$2:$A$999,0)),""))} | G61: =IF(A61="","",SUMIF(Chi_tiet_don_hang!$A$2:$A$989,A61,Chi_tiet_don_hang!$F$2:$F$989)) -> 0 | J61: =K61-H61 -> 0 | K61: =IF(A61="","",SUMIF(Chi_tiet_don_hang!$A$2:$A$989,A61,Chi_tiet_don_hang!$I$2:$I$989))+H61 -> 0 | M61: =(J61*L61) -> 0 | N61: =J61-(J61*L61) -> 0 | O61: 0 | P61: =IF(A61="","",MAX(N61+H61-O61,0)) -> 0 | Q61: Chưa thanh toán | R61: Chưa giao hàng | S61: Hàng sẵn
A62: DH0061 | E62: {=IF(C62="","",IFERROR(INDEX(Khach_hang!$C$2:$C$999,MATCH(C62,Khach_hang!$A$2:$A$999,0)),""))} | F62: {=IF(C62="","",IFERROR(INDEX(Khach_hang!$B$2:$B$999,MATCH(C62,Khach_hang!$A$2:$A$999,0)),""))} | G62: =IF(A62="","",SUMIF(Chi_tiet_don_hang!$A$2:$A$989,A62,Chi_tiet_don_hang!$F$2:$F$989)) -> 0 | J62: =K62-H62 -> 0 | K62: =IF(A62="","",SUMIF(Chi_tiet_don_hang!$A$2:$A$989,A62,Chi_tiet_don_hang!$I$2:$I$989))+H62 -> 0 | M62: =(J62*L62) -> 0 | N62: =J62-(J62*L62) -> 0 | O62: 0 | P62: =IF(A62="","",MAX(N62+H62-O62,0)) -> 0 | Q62: Chưa thanh toán | R62: Chưa giao hàng | S62: Hàng sẵn
A63: DH0062 | E63: {=IF(C63="","",IFERROR(INDEX(Khach_hang!$C$2:$C$999,MATCH(C63,Khach_hang!$A$2:$A$999,0)),""))} | F63: {=IF(C63="","",IFERROR(INDEX(Khach_hang!$B$2:$B$999,MATCH(C63,Khach_hang!$A$2:$A$999,0)),""))} | G63: =IF(A63="","",SUMIF(Chi_tiet_don_hang!$A$2:$A$989,A63,Chi_tiet_don_hang!$F$2:$F$989)) -> 0 | J63: =K63-H63 -> 0 | K63: =IF(A63="","",SUMIF(Chi_tiet_don_hang!$A$2:$A$989,A63,Chi_tiet_don_hang!$I$2:$I$989))+H63 -> 0 | M63: =(J63*L63) -> 0 | N63: =J63-(J63*L63) -> 0 | O63: 0 | P63: =IF(A63="","",MAX(N63+H63-O63,0)) -> 0 | Q63: Chưa thanh toán | R63: Chưa giao hàng | S63: Hàng sẵn
A64: DH0063 | E64: {=IF(C64="","",IFERROR(INDEX(Khach_hang!$C$2:$C$999,MATCH(C64,Khach_hang!$A$2:$A$999,0)),""))} | F64: {=IF(C64="","",IFERROR(INDEX(Khach_hang!$B$2:$B$999,MATCH(C64,Khach_hang!$A$2:$A$999,0)),""))} | G64: =IF(A64="","",SUMIF(Chi_tiet_don_hang!$A$2:$A$989,A64,Chi_tiet_don_hang!$F$2:$F$989)) -> 0 | J64: =K64-H64 -> 0 | K64: =IF(A64="","",SUMIF(Chi_tiet_don_hang!$A$2:$A$989,A64,Chi_tiet_don_hang!$I$2:$I$989))+H64 -> 0 | M64: =(J64*L64) -> 0 | N64: =J64-(J64*L64) -> 0 | O64: 0 | P64: =IF(A64="","",MAX(N64+H64-O64,0)) -> 0 | Q64: Chưa thanh toán | R64: Chưa giao hàng | S64: Hàng sẵn
A65: DH0064 | E65: {=IF(C65="","",IFERROR(INDEX(Khach_hang!$C$2:$C$999,MATCH(C65,Khach_hang!$A$2:$A$999,0)),""))} | F65: {=IF(C65="","",IFERROR(INDEX(Khach_hang!$B$2:$B$999,MATCH(C65,Khach_hang!$A$2:$A$999,0)),""))} | G65: =IF(A65="","",SUMIF(Chi_tiet_don_hang!$A$2:$A$989,A65,Chi_tiet_don_hang!$F$2:$F$989)) -> 0 | J65: =K65-H65 -> 0 | K65: =IF(A65="","",SUMIF(Chi_tiet_don_hang!$A$2:$A$989,A65,Chi_tiet_don_hang!$I$2:$I$989))+H65 -> 0 | M65: =(J65*L65) -> 0 | N65: =J65-(J65*L65) -> 0 | O65: 0 | P65: =IF(A65="","",MAX(N65+H65-O65,0)) -> 0 | Q65: Chưa thanh toán | R65: Chưa giao hàng | S65: Hàng sẵn
A66: DH0065 | E66: {=IF(C66="","",IFERROR(INDEX(Khach_hang!$C$2:$C$999,MATCH(C66,Khach_hang!$A$2:$A$999,0)),""))} | F66: {=IF(C66="","",IFERROR(INDEX(Khach_hang!$B$2:$B$999,MATCH(C66,Khach_hang!$A$2:$A$999,0)),""))} | G66: =IF(A66="","",SUMIF(Chi_tiet_don_hang!$A$2:$A$989,A66,Chi_tiet_don_hang!$F$2:$F$989)) -> 0 | J66: =K66-H66 -> 0 | K66: =IF(A66="","",SUMIF(Chi_tiet_don_hang!$A$2:$A$989,A66,Chi_tiet_don_hang!$I$2:$I$989))+H66 -> 0 | M66: =(J66*L66) -> 0 | N66: =J66-(J66*L66) -> 0 | O66: 0 | P66: =IF(A66="","",MAX(N66+H66-O66,0)) -> 0 | Q66: Chưa thanh toán | R66: Chưa giao hàng | S66: Hàng sẵn
... A97: DH0096 | E97: {=IF(C97="","",IFERROR(INDEX(Khach_hang!$C$2:$C$999,MATCH(C97,Khach_hang!$A$2:$A$999,0)),""))} | F97: {=IF(C97="","",IFERROR(INDEX(Khach_hang!$B$2:$B$999,MATCH(C97,Khach_hang!$A$2:$A$999,0)),""))} | G97: =IF(A97="","",SUMIF(Chi_tiet_don_hang!$A$2:$A$989,A97,Chi_tiet_don_hang!$F$2:$F$989)) -> 0 | J97: =K97-H97 -> 0 | K97: =IF(A97="","",SUMIF(Chi_tiet_don_hang!$A$2:$A$989,A97,Chi_tiet_don_hang!$I$2:$I$989))+H97 -> 0 | M97: =(J97*L97) -> 0 | N97: =J97-(J97*L97) -> 0 | O97: 0 | P97: =IF(A97="","",MAX(N97+H97-O97,0)) -> 0 | Q97: Chưa thanh toán | R97: Chưa giao hàng | S97: Hàng sẵn
E98: {=IF(C98="","",IFERROR(INDEX(Khach_hang!$C$2:$C$999,MATCH(C98,Khach_hang!$A$2:$A$999,0)),""))} | F98: {=IF(C98="","",IFERROR(INDEX(Khach_hang!$B$2:$B$999,MATCH(C98,Khach_hang!$A$2:$A$999,0)),""))} | G98: =IF(A98="","",SUMIF(Chi_tiet_don_hang!$A$2:$A$989,A98,Chi_tiet_don_hang!$F$2:$F$989)) | J98: =K98-H98 -> 0 | K98: =IF(A98="","",SUMIF(Chi_tiet_don_hang!$A$2:$A$989,A98,Chi_tiet_don_hang!$I$2:$I$989))+H98 -> 0 | M98: =(J98*L98) -> 0 | N98: =J98-(J98*L98) -> 0 | O98: 0 | P98: =IF(A98="","",MAX(N98+H98-O98,0)) | Q98: Chưa thanh toán | R98: Chưa giao hàng | S98: Hàng sẵn
E99: {=IF(C99="","",IFERROR(INDEX(Khach_hang!$C$2:$C$999,MATCH(C99,Khach_hang!$A$2:$A$999,0)),""))} | F99: {=IF(C99="","",IFERROR(INDEX(Khach_hang!$B$2:$B$999,MATCH(C99,Khach_hang!$A$2:$A$999,0)),""))} | G99: =IF(A99="","",SUMIF(Chi_tiet_don_hang!$A$2:$A$989,A99,Chi_tiet_don_hang!$F$2:$F$989)) | J99: =K99-H99 -> 0 | K99: =IF(A99="","",SUMIF(Chi_tiet_don_hang!$A$2:$A$989,A99,Chi_tiet_don_hang!$I$2:$I$989))+H99 -> 0 | M99: =(J99*L99) -> 0 | N99: =J99-(J99*L99) -> 0 | O99: 0 | P99: =IF(A99="","",MAX(N99+H99-O99,0)) | Q99: Chưa thanh toán | R99: Chưa giao hàng | S99: Hàng sẵn
E100: {=IF(C100="","",IFERROR(INDEX(Khach_hang!$C$2:$C$999,MATCH(C100,Khach_hang!$A$2:$A$999,0)),""))} | F100: {=IF(C100="","",IFERROR(INDEX(Khach_hang!$B$2:$B$999,MATCH(C100,Khach_hang!$A$2:$A$999,0)),""))} | G100: =IF(A100="","",SUMIF(Chi_tiet_don_hang!$A$2:$A$989,A100,Chi_tiet_don_hang!$F$2:$F$989)) | J100: =K100-H100 -> 0 | K100: =IF(A100="","",SUMIF(Chi_tiet_don_hang!$A$2:$A$989,A100,Chi_tiet_don_hang!$I$2:$I$989))+H100 -> 0 | M100: =(J100*L100) -> 0 | N100: =J100-(J100*L100) -> 0 | O100: 0 | P100: =IF(A100="","",MAX(N100+H100-O100,0)) | Q100: Chưa thanh toán | R100: Chưa giao hàng | S100: Hàng sẵn
E101: {=IF(C101="","",IFERROR(INDEX(Khach_hang!$C$2:$C$999,MATCH(C101,Khach_hang!$A$2:$A$999,0)),""))} | F101: {=IF(C101="","",IFERROR(INDEX(Khach_hang!$B$2:$B$999,MATCH(C101,Khach_hang!$A$2:$A$999,0)),""))} | G101: =IF(A101="","",SUMIF(Chi_tiet_don_hang!$A$2:$A$989,A101,Chi_tiet_don_hang!$F$2:$F$989)) | J101: =K101-H101 -> 0 | K101: =IF(A101="","",SUMIF(Chi_tiet_don_hang!$A$2:$A$989,A101,Chi_tiet_don_hang!$I$2:$I$989))+H101 -> 0 | M101: =(J101*L101) -> 0 | N101: =J101-(J101*L101) -> 0 | O101: 0 | P101: =IF(A101="","",MAX(N101+H101-O101,0)) | Q101: Chưa thanh toán | R101: Chưa giao hàng | S101: Hàng sẵn
E102: {=IF(C102="","",IFERROR(INDEX(Khach_hang!$C$2:$C$999,MATCH(C102,Khach_hang!$A$2:$A$999,0)),""))} | F102: {=IF(C102="","",IFERROR(INDEX(Khach_hang!$B$2:$B$999,MATCH(C102,Khach_hang!$A$2:$A$999,0)),""))} | G102: =IF(A102="","",SUMIF(Chi_tiet_don_hang!$A$2:$A$989,A102,Chi_tiet_don_hang!$F$2:$F$989)) | J102: =K102-H102 -> 0 | K102: =IF(A102="","",SUMIF(Chi_tiet_don_hang!$A$2:$A$989,A102,Chi_tiet_don_hang!$I$2:$I$989))+H102 -> 0 | M102: =(J102*L102) -> 0 | N102: =J102-(J102*L102) -> 0 | O102: 0 | P102: =IF(A102="","",MAX(N102+H102-O102,0)) | Q102: Chưa thanh toán | R102: Chưa giao hàng | S102: Hàng sẵn
E103: {=IF(C103="","",IFERROR(INDEX(Khach_hang!$C$2:$C$999,MATCH(C103,Khach_hang!$A$2:$A$999,0)),""))} | F103: {=IF(C103="","",IFERROR(INDEX(Khach_hang!$B$2:$B$999,MATCH(C103,Khach_hang!$A$2:$A$999,0)),""))} | G103: =IF(A103="","",SUMIF(Chi_tiet_don_hang!$A$2:$A$989,A103,Chi_tiet_don_hang!$F$2:$F$989)) | J103: =K103-H103 -> 0 | K103: =IF(A103="","",SUMIF(Chi_tiet_don_hang!$A$2:$A$989,A103,Chi_tiet_don_hang!$I$2:$I$989))+H103 -> 0 | M103: =(J103*L103) -> 0 | N103: =J103-(J103*L103) -> 0 | O103: 0 | P103: =IF(A103="","",MAX(N103+H103-O103,0)) | Q103: Chưa thanh toán | R103: Chưa giao hàng | S103: Hàng sẵn
E104: {=IF(C104="","",IFERROR(INDEX(Khach_hang!$C$2:$C$999,MATCH(C104,Khach_hang!$A$2:$A$999,0)),""))} | F104: {=IF(C104="","",IFERROR(INDEX(Khach_hang!$B$2:$B$999,MATCH(C104,Khach_hang!$A$2:$A$999,0)),""))} | G104: =IF(A104="","",SUMIF(Chi_tiet_don_hang!$A$2:$A$989,A104,Chi_tiet_don_hang!$F$2:$F$989)) | J104: =K104-H104 -> 0 | K104: =IF(A104="","",SUMIF(Chi_tiet_don_hang!$A$2:$A$989,A104,Chi_tiet_don_hang!$I$2:$I$989))+H104 -> 0 | M104: =(J104*L104) -> 0 | N104: =J104-(J104*L104) -> 0 | O104: 0 | P104: =IF(A104="","",MAX(N104+H104-O104,0)) | Q104: Chưa thanh toán | R104: Chưa giao hàng | S104: Hàng sẵn
E105: {=IF(C105="","",IFERROR(INDEX(Khach_hang!$C$2:$C$999,MATCH(C105,Khach_hang!$A$2:$A$999,0)),""))} | F105: {=IF(C105="","",IFERROR(INDEX(Khach_hang!$B$2:$B$999,MATCH(C105,Khach_hang!$A$2:$A$999,0)),""))} | G105: =IF(A105="","",SUMIF(Chi_tiet_don_hang!$A$2:$A$989,A105,Chi_tiet_don_hang!$F$2:$F$989)) | J105: =K105-H105 -> 0 | K105: =IF(A105="","",SUMIF(Chi_tiet_don_hang!$A$2:$A$989,A105,Chi_tiet_don_hang!$I$2:$I$989))+H105 -> 0 | M105: =(J105*L105) -> 0 | N105: =J105-(J105*L105) -> 0 | O105: 0 | P105: =IF(A105="","",MAX(N105+H105-O105,0)) | Q105: Chưa thanh toán | R105: Chưa giao hàng | S105: Hàng sẵn
E106: {=IF(C106="","",IFERROR(INDEX(Khach_hang!$C$2:$C$999,MATCH(C106,Khach_hang!$A$2:$A$999,0)),""))} | F106: {=IF(C106="","",IFERROR(INDEX(Khach_hang!$B$2:$B$999,MATCH(C106,Khach_hang!$A$2:$A$999,0)),""))} | G106: =IF(A106="","",SUMIF(Chi_tiet_don_hang!$A$2:$A$989,A106,Chi_tiet_don_hang!$F$2:$F$989)) | J106: =K106-H106 -> 0 | K106: =IF(A106="","",SUMIF(Chi_tiet_don_hang!$A$2:$A$989,A106,Chi_tiet_don_hang!$I$2:$I$989))+H106 -> 0 | M106: =(J106*L106) -> 0 | N106: =J106-(J106*L106) -> 0 | O106: 0 | P106: =IF(A106="","",MAX(N106+H106-O106,0)) | Q106: Chưa thanh toán | R106: Chưa giao hàng | S106: Hàng sẵn
E107: {=IF(C107="","",IFERROR(INDEX(Khach_hang!$C$2:$C$999,MATCH(C107,Khach_hang!$A$2:$A$999,0)),""))} | F107: {=IF(C107="","",IFERROR(INDEX(Khach_hang!$B$2:$B$999,MATCH(C107,Khach_hang!$A$2:$A$999,0)),""))} | G107: =IF(A107="","",SUMIF(Chi_tiet_don_hang!$A$2:$A$989,A107,Chi_tiet_don_hang!$F$2:$F$989)) | J107: =K107-H107 -> 0 | K107: =IF(A107="","",SUMIF(Chi_tiet_don_hang!$A$2:$A$989,A107,Chi_tiet_don_hang!$I$2:$I$989))+H107 -> 0 | M107: =(J107*L107) -> 0 | N107: =J107-(J107*L107) -> 0 | O107: 0 | P107: =IF(A107="","",MAX(N107+H107-O107,0)) | Q107: Chưa thanh toán | R107: Chưa giao hàng | S107: Hàng sẵn
E108: {=IF(C108="","",IFERROR(INDEX(Khach_hang!$C$2:$C$999,MATCH(C108,Khach_hang!$A$2:$A$999,0)),""))} | F108: {=IF(C108="","",IFERROR(INDEX(Khach_hang!$B$2:$B$999,MATCH(C108,Khach_hang!$A$2:$A$999,0)),""))} | G108: =IF(A108="","",SUMIF(Chi_tiet_don_hang!$A$2:$A$989,A108,Chi_tiet_don_hang!$F$2:$F$989)) | J108: =K108-H108 -> 0 | K108: =IF(A108="","",SUMIF(Chi_tiet_don_hang!$A$2:$A$989,A108,Chi_tiet_don_hang!$I$2:$I$989))+H108 -> 0 | M108: =(J108*L108) -> 0 | N108: =J108-(J108*L108) -> 0 | O108: 0 | P108: =IF(A108="","",MAX(N108+H108-O108,0)) | Q108: Chưa thanh toán | R108: Chưa giao hàng | S108: Hàng sẵn
E109: {=IF(C109="","",IFERROR(INDEX(Khach_hang!$C$2:$C$999,MATCH(C109,Khach_hang!$A$2:$A$999,0)),""))} | F109: {=IF(C109="","",IFERROR(INDEX(Khach_hang!$B$2:$B$999,MATCH(C109,Khach_hang!$A$2:$A$999,0)),""))} | G109: =IF(A109="","",SUMIF(Chi_tiet_don_hang!$A$2:$A$989,A109,Chi_tiet_don_hang!$F$2:$F$989)) | J109: =K109-H109 -> 0 | K109: =IF(A109="","",SUMIF(Chi_tiet_don_hang!$A$2:$A$989,A109,Chi_tiet_don_hang!$I$2:$I$989))+H109 -> 0 | M109: =(J109*L109) -> 0 | N109: =J109-(J109*L109) -> 0 | O109: 0 | P109: =IF(A109="","",MAX(N109+H109-O109,0)) | Q109: Chưa thanh toán | R109: Chưa giao hàng | S109: Hàng sẵn
... E153: {=IF(C153="","",IFERROR(INDEX(Khach_hang!$C$2:$C$999,MATCH(C153,Khach_hang!$A$2:$A$999,0)),""))} | F153: {=IF(C153="","",IFERROR(INDEX(Khach_hang!$B$2:$B$999,MATCH(C153,Khach_hang!$A$2:$A$999,0)),""))} | G153: =IF(A153="","",SUMIF(Chi_tiet_don_hang!$A$2:$A$989,A153,Chi_tiet_don_hang!$F$2:$F$989)) | J153: =K153-H153 -> 0 | K153: =IF(A153="","",SUMIF(Chi_tiet_don_hang!$A$2:$A$989,A153,Chi_tiet_don_hang!$I$2:$I$989))+H153 -> 0 | M153: =(J153*L153) -> 0 | N153: =J153-(J153*L153) -> 0 | O153: 0 | P153: =IF(A153="","",MAX(N153+H153-O153,0)) | Q153: Chưa thanh toán | R153: Chưa giao hàng | S153: Hàng sẵn
E154: {=IF(C154="","",IFERROR(INDEX(Khach_hang!$C$2:$C$999,MATCH(C154,Khach_hang!$A$2:$A$999,0)),""))} | F154: {=IF(C154="","",IFERROR(INDEX(Khach_hang!$B$2:$B$999,MATCH(C154,Khach_hang!$A$2:$A$999,0)),""))} | G154: =IF(A154="","",SUMIF(Chi_tiet_don_hang!$A$2:$A$989,A154,Chi_tiet_don_hang!$F$2:$F$989)) | J154: =K154-H154 -> 0 | K154: =IF(A154="","",SUMIF(Chi_tiet_don_hang!$A$2:$A$989,A154,Chi_tiet_don_hang!$I$2:$I$989))+H154 -> 0 | P154: =IF(A154="","",MAX(N154+H154-O154,0)) | Q154: Chưa thanh toán | R154: Chưa giao hàng | S154: Hàng sẵn
E155: {=IF(C155="","",IFERROR(INDEX(Khach_hang!$C$2:$C$999,MATCH(C155,Khach_hang!$A$2:$A$999,0)),""))} | F155: {=IF(C155="","",IFERROR(INDEX(Khach_hang!$B$2:$B$999,MATCH(C155,Khach_hang!$A$2:$A$999,0)),""))} | G155: =IF(A155="","",SUMIF(Chi_tiet_don_hang!$A$2:$A$989,A155,Chi_tiet_don_hang!$F$2:$F$989)) | J155: =K155-H155 -> 0 | K155: =IF(A155="","",SUMIF(Chi_tiet_don_hang!$A$2:$A$989,A155,Chi_tiet_don_hang!$I$2:$I$989))+H155 -> 0 | P155: =IF(A155="","",MAX(N155+H155-O155,0)) | Q155: Chưa thanh toán | R155: Chưa giao hàng | S155: Hàng sẵn
E156: {=IF(C156="","",IFERROR(INDEX(Khach_hang!$C$2:$C$999,MATCH(C156,Khach_hang!$A$2:$A$999,0)),""))} | F156: {=IF(C156="","",IFERROR(INDEX(Khach_hang!$B$2:$B$999,MATCH(C156,Khach_hang!$A$2:$A$999,0)),""))} | G156: =IF(A156="","",SUMIF(Chi_tiet_don_hang!$A$2:$A$989,A156,Chi_tiet_don_hang!$F$2:$F$989)) | J156: =K156-H156 -> 0 | K156: =IF(A156="","",SUMIF(Chi_tiet_don_hang!$A$2:$A$989,A156,Chi_tiet_don_hang!$I$2:$I$989))+H156 -> 0 | P156: =IF(A156="","",MAX(N156+H156-O156,0)) | Q156: Chưa thanh toán | R156: Chưa giao hàng | S156: Hàng sẵn
E157: {=IF(C157="","",IFERROR(INDEX(Khach_hang!$C$2:$C$999,MATCH(C157,Khach_hang!$A$2:$A$999,0)),""))} | F157: {=IF(C157="","",IFERROR(INDEX(Khach_hang!$B$2:$B$999,MATCH(C157,Khach_hang!$A$2:$A$999,0)),""))} | G157: =IF(A157="","",SUMIF(Chi_tiet_don_hang!$A$2:$A$989,A157,Chi_tiet_don_hang!$F$2:$F$989)) | J157: =K157-H157 -> 0 | K157: =IF(A157="","",SUMIF(Chi_tiet_don_hang!$A$2:$A$989,A157,Chi_tiet_don_hang!$I$2:$I$989))+H157 -> 0 | P157: =IF(A157="","",MAX(N157+H157-O157,0)) | Q157: Chưa thanh toán | R157: Chưa giao hàng | S157: Hàng sẵn
E158: {=IF(C158="","",IFERROR(INDEX(Khach_hang!$C$2:$C$999,MATCH(C158,Khach_hang!$A$2:$A$999,0)),""))} | F158: {=IF(C158="","",IFERROR(INDEX(Khach_hang!$B$2:$B$999,MATCH(C158,Khach_hang!$A$2:$A$999,0)),""))} | G158: =IF(A158="","",SUMIF(Chi_tiet_don_hang!$A$2:$A$989,A158,Chi_tiet_don_hang!$F$2:$F$989)) | J158: =K158-H158 -> 0 | K158: =IF(A158="","",SUMIF(Chi_tiet_don_hang!$A$2:$A$989,A158,Chi_tiet_don_hang!$I$2:$I$989))+H158 -> 0 | P158: =IF(A158="","",MAX(N158+H158-O158,0)) | Q158: Chưa thanh toán | R158: Chưa giao hàng | S158: Hàng sẵn
E159: {=IF(C159="","",IFERROR(INDEX(Khach_hang!$C$2:$C$999,MATCH(C159,Khach_hang!$A$2:$A$999,0)),""))} | F159: {=IF(C159="","",IFERROR(INDEX(Khach_hang!$B$2:$B$999,MATCH(C159,Khach_hang!$A$2:$A$999,0)),""))} | G159: =IF(A159="","",SUMIF(Chi_tiet_don_hang!$A$2:$A$989,A159,Chi_tiet_don_hang!$F$2:$F$989)) | J159: =K159-H159 -> 0 | K159: =IF(A159="","",SUMIF(Chi_tiet_don_hang!$A$2:$A$989,A159,Chi_tiet_don_hang!$I$2:$I$989))+H159 -> 0 | P159: =IF(A159="","",MAX(N159+H159-O159,0)) | Q159: Chưa thanh toán | R159: Chưa giao hàng | S159: Hàng sẵn
E160: {=IF(C160="","",IFERROR(INDEX(Khach_hang!$C$2:$C$999,MATCH(C160,Khach_hang!$A$2:$A$999,0)),""))} | F160: {=IF(C160="","",IFERROR(INDEX(Khach_hang!$B$2:$B$999,MATCH(C160,Khach_hang!$A$2:$A$999,0)),""))} | G160: =IF(A160="","",SUMIF(Chi_tiet_don_hang!$A$2:$A$989,A160,Chi_tiet_don_hang!$F$2:$F$989)) | J160: =K160-H160 -> 0 | K160: =IF(A160="","",SUMIF(Chi_tiet_don_hang!$A$2:$A$989,A160,Chi_tiet_don_hang!$I$2:$I$989))+H160 -> 0 | P160: =IF(A160="","",MAX(N160+H160-O160,0)) | Q160: Chưa thanh toán | R160: Chưa giao hàng | S160: Hàng sẵn
E161: {=IF(C161="","",IFERROR(INDEX(Khach_hang!$C$2:$C$999,MATCH(C161,Khach_hang!$A$2:$A$999,0)),""))} | F161: {=IF(C161="","",IFERROR(INDEX(Khach_hang!$B$2:$B$999,MATCH(C161,Khach_hang!$A$2:$A$999,0)),""))} | G161: =IF(A161="","",SUMIF(Chi_tiet_don_hang!$A$2:$A$989,A161,Chi_tiet_don_hang!$F$2:$F$989)) | J161: =K161-H161 -> 0 | K161: =IF(A161="","",SUMIF(Chi_tiet_don_hang!$A$2:$A$989,A161,Chi_tiet_don_hang!$I$2:$I$989))+H161 -> 0 | P161: =IF(A161="","",MAX(N161+H161-O161,0)) | Q161: Chưa thanh toán | R161: Chưa giao hàng | S161: Hàng sẵn
E162: {=IF(C162="","",IFERROR(INDEX(Khach_hang!$C$2:$C$999,MATCH(C162,Khach_hang!$A$2:$A$999,0)),""))} | F162: {=IF(C162="","",IFERROR(INDEX(Khach_hang!$B$2:$B$999,MATCH(C162,Khach_hang!$A$2:$A$999,0)),""))} | G162: =IF(A162="","",SUMIF(Chi_tiet_don_hang!$A$2:$A$989,A162,Chi_tiet_don_hang!$F$2:$F$989)) | J162: =K162-H162 -> 0 | K162: =IF(A162="","",SUMIF(Chi_tiet_don_hang!$A$2:$A$989,A162,Chi_tiet_don_hang!$I$2:$I$989))+H162 -> 0 | P162: =IF(A162="","",MAX(N162+H162-O162,0)) | Q162: Chưa thanh toán | R162: Chưa giao hàng | S162: Hàng sẵn
E163: {=IF(C163="","",IFERROR(INDEX(Khach_hang!$C$2:$C$999,MATCH(C163,Khach_hang!$A$2:$A$999,0)),""))} | F163: {=IF(C163="","",IFERROR(INDEX(Khach_hang!$B$2:$B$999,MATCH(C163,Khach_hang!$A$2:$A$999,0)),""))} | G163: =IF(A163="","",SUMIF(Chi_tiet_don_hang!$A$2:$A$989,A163,Chi_tiet_don_hang!$F$2:$F$989)) | J163: =K163-H163 -> 0 | K163: =IF(A163="","",SUMIF(Chi_tiet_don_hang!$A$2:$A$989,A163,Chi_tiet_don_hang!$I$2:$I$989))+H163 -> 0 | P163: =IF(A163="","",MAX(N163+H163-O163,0)) | Q163: Chưa thanh toán | R163: Chưa giao hàng | S163: Hàng sẵn
E164: {=IF(C164="","",IFERROR(INDEX(Khach_hang!$C$2:$C$999,MATCH(C164,Khach_hang!$A$2:$A$999,0)),""))} | F164: {=IF(C164="","",IFERROR(INDEX(Khach_hang!$B$2:$B$999,MATCH(C164,Khach_hang!$A$2:$A$999,0)),""))} | G164: =IF(A164="","",SUMIF(Chi_tiet_don_hang!$A$2:$A$989,A164,Chi_tiet_don_hang!$F$2:$F$989)) | J164: =K164-H164 -> 0 | K164: =IF(A164="","",SUMIF(Chi_tiet_don_hang!$A$2:$A$989,A164,Chi_tiet_don_hang!$I$2:$I$989))+H164 -> 0 | P164: =IF(A164="","",MAX(N164+H164-O164,0)) | Q164: Chưa thanh toán | R164: Chưa giao hàng | S164: Hàng sẵn
E165: {=IF(C165="","",IFERROR(INDEX(Khach_hang!$C$2:$C$999,MATCH(C165,Khach_hang!$A$2:$A$999,0)),""))} | F165: {=IF(C165="","",IFERROR(INDEX(Khach_hang!$B$2:$B$999,MATCH(C165,Khach_hang!$A$2:$A$999,0)),""))} | G165: =IF(A165="","",SUMIF(Chi_tiet_don_hang!$A$2:$A$989,A165,Chi_tiet_don_hang!$F$2:$F$989)) | J165: =K165-H165 -> 0 | K165: =IF(A165="","",SUMIF(Chi_tiet_don_hang!$A$2:$A$989,A165,Chi_tiet_don_hang!$I$2:$I$989))+H165 -> 0 | P165: =IF(A165="","",MAX(N165+H165-O165,0)) | Q165: Chưa thanh toán | R165: Chưa giao hàng | S165: Hàng sẵn
... E1000: {=IF(C1000="","",IFERROR(INDEX(Khach_hang!$C$2:$C$999,MATCH(C1000,Khach_hang!$A$2:$A$999,0)),""))} | F1000: {=IF(C1000="","",IFERROR(INDEX(Khach_hang!$B$2:$B$999,MATCH(C1000,Khach_hang!$A$2:$A$999,0)),""))} | G1000: =IF(A1000="","",SUMIF(Chi_tiet_don_hang!$A$2:$A$989,A1000,Chi_tiet_don_hang!$F$2:$F$989)) | J1000: =K1000-H1000 -> 0 | K1000: =IF(A1000="","",SUMIF(Chi_tiet_don_hang!$A$2:$A$989,A1000,Chi_tiet_don_hang!$I$2:$I$989))+H1000 -> 0 | P1000: =IF(A1000="","",MAX(N1000+H1000-O1000,0)) | Q1000: Chưa thanh toán | R1000: Chưa giao hàng | S1000: Hàng sẵn

Sheet Chi_tiet_don_hang
A1: Mã đơn | B1: Ngày | C1: Tên KH | D1: Món | E1: Trọng lượng | F1: Số lượng | G1: Tổng Trọng lượng | H1: Giá bán/gói | I1: Thành tiền | J1: Giá vốn/gói | K1: Tổng vốn | L1: Lãi/gói | M1: Tổng lãi | N1: Giảm giá | O1: Lãi sau giảm | P1: Loại dòng | Q1: Chi tiết combo | S1: Cột vàng là để nhập: A, D, E, F
A2: DH0001 | B2: {=IF(A2="","",IFERROR(INDEX(Don_hang!$B$2:$B$1000,MATCH(A2,Don_hang!$A$2:$A$1000,0)),""))} -> 46098 | C2: {=IF(A2="","",IFERROR(INDEX(Don_hang!$C$2:$C$1000,MATCH(A2,Don_hang!$A$2:$A$1000,0)),""))} -> Anh Quân | D2: Ứ́c gà gừng tỏi | E2: 150g | F2: 2 | G2: =IFERROR(VALUE(SUBSTITUTE(E2,"g",""))*F2,"") -> 300 | H2: 36000 | I2: =IF(OR(F2="",H2=""),"",F2*H2) -> 72000 | J2: 23811.507 | K2: =IF(OR(F2="",J2=""),"",F2*J2) -> 47623.014 | L2: =IF(OR(H2="",J2=""),"",H2-J2) -> 12188.493 | M2: =IF(OR(F2="",L2=""),"",F2*L2) -> 24376.986 | N2: 0.1 | O2: =M2 - (I2 * N2) -> 17176.986 | P2: =IF(D2="","",IF(COUNTIF(Combo_tong_hop!$B$3:$B$100,D2)>0,"Combo","Món lẻ")) -> Món lẻ | Q2: =IFERROR(__xludf.DUMMYFUNCTION("IF(P2<>""Combo"","""",IFERROR(""""&TEXTJOIN("", ""&char(10),TRUE,FILTER(Combo_chi_tiet!$I$3:$I$200,Combo_chi_tiet!$B$3:$B$200=D2)),""""))"),"") | S2: Lựa chọn ở cột: A, D, E
A3: DH0001 | B3: {=IF(A3="","",IFERROR(INDEX(Don_hang!$B$2:$B$1000,MATCH(A3,Don_hang!$A$2:$A$1000,0)),""))} -> 46098 | C3: {=IF(A3="","",IFERROR(INDEX(Don_hang!$C$2:$C$1000,MATCH(A3,Don_hang!$A$2:$A$1000,0)),""))} -> Anh Quân | D3: Ức gà ngũ vị | E3: 150g | F3: 2 | G3: =IFERROR(VALUE(SUBSTITUTE(E3,"g",""))*F3,"") -> 300 | H3: 36000 | I3: =IF(OR(F3="",H3=""),"",F3*H3) -> 72000 | J3: 24305.841 | K3: =IF(OR(F3="",J3=""),"",F3*J3) -> 48611.682 | L3: =IF(OR(H3="",J3=""),"",H3-J3) -> 11694.159 | M3: =IF(OR(F3="",L3=""),"",F3*L3) -> 23388.318 | N3: 0.1 | O3: =M3 - (I3 * N3) -> 16188.318 | P3: =IF(D3="","",IF(COUNTIF(Combo_tong_hop!$B$3:$B$100,D3)>0,"Combo","Món lẻ")) -> Món lẻ | Q3: =IFERROR(__xludf.DUMMYFUNCTION("IF(P3<>""Combo"","""",IFERROR(""""&TEXTJOIN("", ""&char(10),TRUE,FILTER(Combo_chi_tiet!$I$3:$I$200,Combo_chi_tiet!$B$3:$B$200=D3)),""""))"),"") | S3: Cột xám là tự tính, áp dụng công thức có sẵn từ những ô trên => Có thể copy xuống
A4: DH0001 | B4: {=IF(A4="","",IFERROR(INDEX(Don_hang!$B$2:$B$1000,MATCH(A4,Don_hang!$A$2:$A$1000,0)),""))} -> 46098 | C4: {=IF(A4="","",IFERROR(INDEX(Don_hang!$C$2:$C$1000,MATCH(A4,Don_hang!$A$2:$A$1000,0)),""))} -> Anh Quân | D4: Nạc heo sả nghệ | E4: 150g | F4: 2 | G4: =IFERROR(VALUE(SUBSTITUTE(E4,"g",""))*F4,"") -> 300 | H4: 44000 | I4: =IF(OR(F4="",H4=""),"",F4*H4) -> 88000 | J4: 27766.344 | K4: =IF(OR(F4="",J4=""),"",F4*J4) -> 55532.688 | L4: =IF(OR(H4="",J4=""),"",H4-J4) -> 16233.656 | M4: =IF(OR(F4="",L4=""),"",F4*L4) -> 32467.312 | N4: 0.1 | O4: =M4 - (I4 * N4) -> 23667.312 | P4: =IF(D4="","",IF(COUNTIF(Combo_tong_hop!$B$3:$B$100,D4)>0,"Combo","Món lẻ")) -> Món lẻ | Q4: =IFERROR(__xludf.DUMMYFUNCTION("IF(P4<>""Combo"","""",IFERROR(""""&TEXTJOIN("", ""&char(10),TRUE,FILTER(Combo_chi_tiet!$I$3:$I$200,Combo_chi_tiet!$B$3:$B$200=D4)),""""))"),"")
A5: DH0001 | B5: {=IF(A5="","",IFERROR(INDEX(Don_hang!$B$2:$B$1000,MATCH(A5,Don_hang!$A$2:$A$1000,0)),""))} -> 46098 | C5: {=IF(A5="","",IFERROR(INDEX(Don_hang!$C$2:$C$1000,MATCH(A5,Don_hang!$A$2:$A$1000,0)),""))} -> Anh Quân | D5: Tôm cajun | E5: 150g | F5: 2 | G5: =IFERROR(VALUE(SUBSTITUTE(E5,"g",""))*F5,"") -> 300 | H5: 69000 | I5: =IF(OR(F5="",H5=""),"",F5*H5) -> 138000 | J5: 71860.194 | K5: =IF(OR(F5="",J5=""),"",F5*J5) -> 143720.39 | L5: =IF(OR(H5="",J5=""),"",H5-J5) -> -2860.194 | M5: =IF(OR(F5="",L5=""),"",F5*L5) -> -5720.388 | N5: 0.1 | O5: =M5 - (I5 * N5) -> -19520.388 | P5: =IF(D5="","",IF(COUNTIF(Combo_tong_hop!$B$3:$B$100,D5)>0,"Combo","Món lẻ")) -> Món lẻ | Q5: =IFERROR(__xludf.DUMMYFUNCTION("IF(P5<>""Combo"","""",IFERROR(""""&TEXTJOIN("", ""&char(10),TRUE,FILTER(Combo_chi_tiet!$I$3:$I$200,Combo_chi_tiet!$B$3:$B$200=D5)),""""))"),"")
A6: DH0001 | B6: {=IF(A6="","",IFERROR(INDEX(Don_hang!$B$2:$B$1000,MATCH(A6,Don_hang!$A$2:$A$1000,0)),""))} -> 46098 | C6: {=IF(A6="","",IFERROR(INDEX(Don_hang!$C$2:$C$1000,MATCH(A6,Don_hang!$A$2:$A$1000,0)),""))} -> Anh Quân | D6: Cá thu cà ri | E6: 150g | F6: 2 | G6: =IFERROR(VALUE(SUBSTITUTE(E6,"g",""))*F6,"") -> 300 | H6: 69000 | I6: =IF(OR(F6="",H6=""),"",F6*H6) -> 138000 | J6: 41860.194 | K6: =IF(OR(F6="",J6=""),"",F6*J6) -> 83720.388 | L6: =IF(OR(H6="",J6=""),"",H6-J6) -> 27139.806 | M6: =IF(OR(F6="",L6=""),"",F6*L6) -> 54279.612 | N6: 0.1 | O6: =M6 - (I6 * N6) -> 40479.612 | P6: =IF(D6="","",IF(COUNTIF(Combo_tong_hop!$B$3:$B$100,D6)>0,"Combo","Món lẻ")) -> Món lẻ | Q6: =IFERROR(__xludf.DUMMYFUNCTION("IF(P6<>""Combo"","""",IFERROR(""""&TEXTJOIN("", ""&char(10),TRUE,FILTER(Combo_chi_tiet!$I$3:$I$200,Combo_chi_tiet!$B$3:$B$200=D6)),""""))"),"")
A7: DH0002 | B7: {=IF(A7="","",IFERROR(INDEX(Don_hang!$B$2:$B$1000,MATCH(A7,Don_hang!$A$2:$A$1000,0)),""))} -> 46098 | C7: {=IF(A7="","",IFERROR(INDEX(Don_hang!$C$2:$C$1000,MATCH(A7,Don_hang!$A$2:$A$1000,0)),""))} -> Chị Nga | D7: Ức gà cajun | E7: 200g | F7: 1 | G7: =IFERROR(VALUE(SUBSTITUTE(E7,"g",""))*F7,"") -> 200 | H7: 48000 | I7: =IF(OR(F7="",H7=""),"",F7*H7) -> 48000 | J7: 32917.592 | K7: =IF(OR(F7="",J7=""),"",F7*J7) -> 32917.592 | L7: =IF(OR(H7="",J7=""),"",H7-J7) -> 15082.408 | M7: =IF(OR(F7="",L7=""),"",F7*L7) -> 15082.408 | N7: 0.1 | O7: =M7 - (I7 * N7) -> 10282.408 | P7: =IF(D7="","",IF(COUNTIF(Combo_tong_hop!$B$3:$B$100,D7)>0,"Combo","Món lẻ")) -> Món lẻ | Q7: =IFERROR(__xludf.DUMMYFUNCTION("IF(P7<>""Combo"","""",IFERROR(""""&TEXTJOIN("", ""&char(10),TRUE,FILTER(Combo_chi_tiet!$I$3:$I$200,Combo_chi_tiet!$B$3:$B$200=D7)),""""))"),"")
A8: DH0002 | B8: {=IF(A8="","",IFERROR(INDEX(Don_hang!$B$2:$B$1000,MATCH(A8,Don_hang!$A$2:$A$1000,0)),""))} -> 46098 | C8: {=IF(A8="","",IFERROR(INDEX(Don_hang!$C$2:$C$1000,MATCH(A8,Don_hang!$A$2:$A$1000,0)),""))} -> Chị Nga | D8: Nạ̣c heo ngũ vị | E8: 200g | F8: 1 | G8: =IFERROR(VALUE(SUBSTITUTE(E8,"g",""))*F8,"") -> 200 | H8: 58000 | I8: =IF(OR(F8="",H8=""),"",F8*H8) -> 58000 | J8: 40407.788 | K8: =IF(OR(F8="",J8=""),"",F8*J8) -> 40407.788 | L8: =IF(OR(H8="",J8=""),"",H8-J8) -> 17592.212 | M8: =IF(OR(F8="",L8=""),"",F8*L8) -> 17592.212 | N8: 0.1 | O8: =M8 - (I8 * N8) -> 11792.212 | P8: =IF(D8="","",IF(COUNTIF(Combo_tong_hop!$B$3:$B$100,D8)>0,"Combo","Món lẻ")) -> Món lẻ | Q8: =IFERROR(__xludf.DUMMYFUNCTION("IF(P8<>""Combo"","""",IFERROR(""""&TEXTJOIN("", ""&char(10),TRUE,FILTER(Combo_chi_tiet!$I$3:$I$200,Combo_chi_tiet!$B$3:$B$200=D8)),""""))"),"")
A9: DH0002 | B9: {=IF(A9="","",IFERROR(INDEX(Don_hang!$B$2:$B$1000,MATCH(A9,Don_hang!$A$2:$A$1000,0)),""))} -> 46098 | C9: {=IF(A9="","",IFERROR(INDEX(Don_hang!$C$2:$C$1000,MATCH(A9,Don_hang!$A$2:$A$1000,0)),""))} -> Chị Nga | D9: Nạc heo sả nghệ | E9: 200g | F9: 1 | G9: =IFERROR(VALUE(SUBSTITUTE(E9,"g",""))*F9,"") -> 200 | H9: 58000 | I9: =IF(OR(F9="",H9=""),"",F9*H9) -> 58000 | J9: 37021.792 | K9: =IF(OR(F9="",J9=""),"",F9*J9) -> 37021.792 | L9: =IF(OR(H9="",J9=""),"",H9-J9) -> 20978.208 | M9: =IF(OR(F9="",L9=""),"",F9*L9) -> 20978.208 | N9: 0.1 | O9: =M9 - (I9 * N9) -> 15178.208 | P9: =IF(D9="","",IF(COUNTIF(Combo_tong_hop!$B$3:$B$100,D9)>0,"Combo","Món lẻ")) -> Món lẻ | Q9: =IFERROR(__xludf.DUMMYFUNCTION("IF(P9<>""Combo"","""",IFERROR(""""&TEXTJOIN("", ""&char(10),TRUE,FILTER(Combo_chi_tiet!$I$3:$I$200,Combo_chi_tiet!$B$3:$B$200=D9)),""""))"),"")
A10: DH0002 | B10: {=IF(A10="","",IFERROR(INDEX(Don_hang!$B$2:$B$1000,MATCH(A10,Don_hang!$A$2:$A$1000,0)),""))} -> 46098 | C10: {=IF(A10="","",IFERROR(INDEX(Don_hang!$C$2:$C$1000,MATCH(A10,Don_hang!$A$2:$A$1000,0)),""))} -> Chị Nga | D10: Thăn bò̀ cajun | E10: 200g | F10: 1 | G10: =IFERROR(VALUE(SUBSTITUTE(E10,"g",""))*F10,"") -> 200 | H10: 116000 | I10: =IF(OR(F10="",H10=""),"",F10*H10) -> 116000 | J10: 74677.592 | K10: =IF(OR(F10="",J10=""),"",F10*J10) -> 74677.592 | L10: =IF(OR(H10="",J10=""),"",H10-J10) -> 41322.408 | M10: =IF(OR(F10="",L10=""),"",F10*L10) -> 41322.408 | N10: 0.1 | O10: =M10 - (I10 * N10) -> 29722.408 | P10: =IF(D10="","",IF(COUNTIF(Combo_tong_hop!$B$3:$B$100,D10)>0,"Combo","Món lẻ")) -> Món lẻ | Q10: =IFERROR(__xludf.DUMMYFUNCTION("IF(P10<>""Combo"","""",IFERROR(""""&TEXTJOIN("", ""&char(10),TRUE,FILTER(Combo_chi_tiet!$I$3:$I$200,Combo_chi_tiet!$B$3:$B$200=D10)),""""))"),"")
A11: DH0002 | B11: {=IF(A11="","",IFERROR(INDEX(Don_hang!$B$2:$B$1000,MATCH(A11,Don_hang!$A$2:$A$1000,0)),""))} -> 46098 | C11: {=IF(A11="","",IFERROR(INDEX(Don_hang!$C$2:$C$1000,MATCH(A11,Don_hang!$A$2:$A$1000,0)),""))} -> Chị Nga | D11: Thăn bò ngũ vị | E11: 200g | F11: 1 | G11: =IFERROR(VALUE(SUBSTITUTE(E11,"g",""))*F11,"") -> 200 | H11: 116000 | I11: =IF(OR(F11="",H11=""),"",F11*H11) -> 116000 | J11: 74740.817 | K11: =IF(OR(F11="",J11=""),"",F11*J11) -> 74740.817 | L11: =IF(OR(H11="",J11=""),"",H11-J11) -> 41259.183 | M11: =IF(OR(F11="",L11=""),"",F11*L11) -> 41259.183 | N11: 0.1 | O11: =M11 - (I11 * N11) -> 29659.183 | P11: =IF(D11="","",IF(COUNTIF(Combo_tong_hop!$B$3:$B$100,D11)>0,"Combo","Món lẻ")) -> Món lẻ | Q11: =IFERROR(__xludf.DUMMYFUNCTION("IF(P11<>""Combo"","""",IFERROR(""""&TEXTJOIN("", ""&char(10),TRUE,FILTER(Combo_chi_tiet!$I$3:$I$200,Combo_chi_tiet!$B$3:$B$200=D11)),""""))"),"")
A12: DH0003 | B12: {=IF(A12="","",IFERROR(INDEX(Don_hang!$B$2:$B$1000,MATCH(A12,Don_hang!$A$2:$A$1000,0)),""))} -> 46098 | C12: {=IF(A12="","",IFERROR(INDEX(Don_hang!$C$2:$C$1000,MATCH(A12,Don_hang!$A$2:$A$1000,0)),""))} -> Bích Thuận | D12: Tôm cajun | E12: 100g | F12: 2 | G12: =IFERROR(VALUE(SUBSTITUTE(E12,"g",""))*F12,"") -> 200 | H12: 47000 | I12: =IF(OR(F12="",H12=""),"",F12*H12) -> 94000 | J12: 47906.796 | K12: =IF(OR(F12="",J12=""),"",F12*J12) -> 95813.592 | L12: =IF(OR(H12="",J12=""),"",H12-J12) -> -906.79602 | M12: =IF(OR(F12="",L12=""),"",F12*L12) -> -1813.592 | N12: 0.1 | O12: =M12 - (I12 * N12) -> -11213.592 | P12: =IF(D12="","",IF(COUNTIF(Combo_tong_hop!$B$3:$B$100,D12)>0,"Combo","Món lẻ")) -> Món lẻ | Q12: =IFERROR(__xludf.DUMMYFUNCTION("IF(P12<>""Combo"","""",IFERROR(""""&TEXTJOIN("", ""&char(10),TRUE,FILTER(Combo_chi_tiet!$I$3:$I$200,Combo_chi_tiet!$B$3:$B$200=D12)),""""))"),"")
A13: DH0003 | B13: {=IF(A13="","",IFERROR(INDEX(Don_hang!$B$2:$B$1000,MATCH(A13,Don_hang!$A$2:$A$1000,0)),""))} -> 46098 | C13: {=IF(A13="","",IFERROR(INDEX(Don_hang!$C$2:$C$1000,MATCH(A13,Don_hang!$A$2:$A$1000,0)),""))} -> Bích Thuận | D13: Ức gà ngũ vị | E13: 150g | F13: 1 | G13: =IFERROR(VALUE(SUBSTITUTE(E13,"g",""))*F13,"") -> 150 | H13: 36000 | I13: =IF(OR(F13="",H13=""),"",F13*H13) -> 36000 | J13: 24305.841 | K13: =IF(OR(F13="",J13=""),"",F13*J13) -> 24305.841 | L13: =IF(OR(H13="",J13=""),"",H13-J13) -> 11694.159 | M13: =IF(OR(F13="",L13=""),"",F13*L13) -> 11694.159 | N13: 0.1 | O13: =M13 - (I13 * N13) -> 8094.1592 | P13: =IF(D13="","",IF(COUNTIF(Combo_tong_hop!$B$3:$B$100,D13)>0,"Combo","Món lẻ")) -> Món lẻ | Q13: =IFERROR(__xludf.DUMMYFUNCTION("IF(P13<>""Combo"","""",IFERROR(""""&TEXTJOIN("", ""&char(10),TRUE,FILTER(Combo_chi_tiet!$I$3:$I$200,Combo_chi_tiet!$B$3:$B$200=D13)),""""))"),"")
A14: DH0003 | B14: {=IF(A14="","",IFERROR(INDEX(Don_hang!$B$2:$B$1000,MATCH(A14,Don_hang!$A$2:$A$1000,0)),""))} -> 46098 | C14: {=IF(A14="","",IFERROR(INDEX(Don_hang!$C$2:$C$1000,MATCH(A14,Don_hang!$A$2:$A$1000,0)),""))} -> Bích Thuận | D14: Ứ́c gà gừng tỏi | E14: 150g | F14: 1 | G14: =IFERROR(VALUE(SUBSTITUTE(E14,"g",""))*F14,"") -> 150 | H14: 36000 | I14: =IF(OR(F14="",H14=""),"",F14*H14) -> 36000 | J14: 23811.507 | K14: =IF(OR(F14="",J14=""),"",F14*J14) -> 23811.507 | L14: =IF(OR(H14="",J14=""),"",H14-J14) -> 12188.493 | M14: =IF(OR(F14="",L14=""),"",F14*L14) -> 12188.493 | N14: 0.1 | O14: =M14 - (I14 * N14) -> 8588.4929 | P14: =IF(D14="","",IF(COUNTIF(Combo_tong_hop!$B$3:$B$100,D14)>0,"Combo","Món lẻ")) -> Món lẻ | Q14: =IFERROR(__xludf.DUMMYFUNCTION("IF(P14<>""Combo"","""",IFERROR(""""&TEXTJOIN("", ""&char(10),TRUE,FILTER(Combo_chi_tiet!$I$3:$I$200,Combo_chi_tiet!$B$3:$B$200=D14)),""""))"),"")
A15: DH0003 | B15: {=IF(A15="","",IFERROR(INDEX(Don_hang!$B$2:$B$1000,MATCH(A15,Don_hang!$A$2:$A$1000,0)),""))} -> 46098 | C15: {=IF(A15="","",IFERROR(INDEX(Don_hang!$C$2:$C$1000,MATCH(A15,Don_hang!$A$2:$A$1000,0)),""))} -> Bích Thuận | D15: Ức gà̀ cà ri | E15: 150g | F15: 1 | G15: =IFERROR(VALUE(SUBSTITUTE(E15,"g",""))*F15,"") -> 150 | H15: 36000 | I15: =IF(OR(F15="",H15=""),"",F15*H15) -> 36000 | J15: 23654.327 | K15: =IF(OR(F15="",J15=""),"",F15*J15) -> 23654.327 | L15: =IF(OR(H15="",J15=""),"",H15-J15) -> 12345.673 | M15: =IF(OR(F15="",L15=""),"",F15*L15) -> 12345.673 | N15: 0.1 | O15: =M15 - (I15 * N15) -> 8745.6735 | P15: =IF(D15="","",IF(COUNTIF(Combo_tong_hop!$B$3:$B$100,D15)>0,"Combo","Món lẻ")) -> Món lẻ | Q15: =IFERROR(__xludf.DUMMYFUNCTION("IF(P15<>""Combo"","""",IFERROR(""""&TEXTJOIN("", ""&char(10),TRUE,FILTER(Combo_chi_tiet!$I$3:$I$200,Combo_chi_tiet!$B$3:$B$200=D15)),""""))"),"")
A16: DH0004 | B16: {=IF(A16="","",IFERROR(INDEX(Don_hang!$B$2:$B$1000,MATCH(A16,Don_hang!$A$2:$A$1000,0)),""))} -> 46098 | C16: {=IF(A16="","",IFERROR(INDEX(Don_hang!$C$2:$C$1000,MATCH(A16,Don_hang!$A$2:$A$1000,0)),""))} -> Ms. Ngọc - Chung cư Feliz | D16: Ứ́c gà gừng tỏi | E16: 200g | F16: 1 | G16: =IFERROR(VALUE(SUBSTITUTE(E16,"g",""))*F16,"") -> 200 | H16: 48000 | I16: =IF(OR(F16="",H16=""),"",F16*H16) -> 48000 | J16: 31748.676 | K16: =IF(OR(F16="",J16=""),"",F16*J16) -> 31748.676 | L16: =IF(OR(H16="",J16=""),"",H16-J16) -> 16251.324 | M16: =IF(OR(F16="",L16=""),"",F16*L16) -> 16251.324 | N16: 0.1 | O16: =M16 - (I16 * N16) -> 11451.324 | P16: =IF(D16="","",IF(COUNTIF(Combo_tong_hop!$B$3:$B$100,D16)>0,"Combo","Món lẻ")) -> Món lẻ | Q16: =IFERROR(__xludf.DUMMYFUNCTION("IF(P16<>""Combo"","""",IFERROR(""""&TEXTJOIN("", ""&char(10),TRUE,FILTER(Combo_chi_tiet!$I$3:$I$200,Combo_chi_tiet!$B$3:$B$200=D16)),""""))"),"")
A17: DH0004 | B17: {=IF(A17="","",IFERROR(INDEX(Don_hang!$B$2:$B$1000,MATCH(A17,Don_hang!$A$2:$A$1000,0)),""))} -> 46098 | C17: {=IF(A17="","",IFERROR(INDEX(Don_hang!$C$2:$C$1000,MATCH(A17,Don_hang!$A$2:$A$1000,0)),""))} -> Ms. Ngọc - Chung cư Feliz | D17: Cốt lết mè rang | E17: 200g | F17: 1 | G17: =IFERROR(VALUE(SUBSTITUTE(E17,"g",""))*F17,"") -> 200 | H17: 58000 | I17: =IF(OR(F17="",H17=""),"",F17*H17) -> 58000 | J17: 39500.158 | K17: =IF(OR(F17="",J17=""),"",F17*J17) -> 39500.158 | L17: =IF(OR(H17="",J17=""),"",H17-J17) -> 18499.842 | M17: =IF(OR(F17="",L17=""),"",F17*L17) -> 18499.842 | N17: 0.1 | O17: =M17 - (I17 * N17) -> 12699.842 | P17: =IF(D17="","",IF(COUNTIF(Combo_tong_hop!$B$3:$B$100,D17)>0,"Combo","Món lẻ")) -> Món lẻ | Q17: =IFERROR(__xludf.DUMMYFUNCTION("IF(P17<>""Combo"","""",IFERROR(""""&TEXTJOIN("", ""&char(10),TRUE,FILTER(Combo_chi_tiet!$I$3:$I$200,Combo_chi_tiet!$B$3:$B$200=D17)),""""))"),"")
A18: DH0004 | B18: {=IF(A18="","",IFERROR(INDEX(Don_hang!$B$2:$B$1000,MATCH(A18,Don_hang!$A$2:$A$1000,0)),""))} -> 46098 | C18: {=IF(A18="","",IFERROR(INDEX(Don_hang!$C$2:$C$1000,MATCH(A18,Don_hang!$A$2:$A$1000,0)),""))} -> Ms. Ngọc - Chung cư Feliz | D18: Nạc heo sả nghệ | E18: 200g | F18: 1 | G18: =IFERROR(VALUE(SUBSTITUTE(E18,"g",""))*F18,"") -> 200 | H18: 58000 | I18: =IF(OR(F18="",H18=""),"",F18*H18) -> 58000 | J18: 37021.792 | K18: =IF(OR(F18="",J18=""),"",F18*J18) -> 37021.792 | L18: =IF(OR(H18="",J18=""),"",H18-J18) -> 20978.208 | M18: =IF(OR(F18="",L18=""),"",F18*L18) -> 20978.208 | N18: 0.1 | O18: =M18 - (I18 * N18) -> 15178.208 | P18: =IF(D18="","",IF(COUNTIF(Combo_tong_hop!$B$3:$B$100,D18)>0,"Combo","Món lẻ")) -> Món lẻ | Q18: =IFERROR(__xludf.DUMMYFUNCTION("IF(P18<>""Combo"","""",IFERROR(""""&TEXTJOIN("", ""&char(10),TRUE,FILTER(Combo_chi_tiet!$I$3:$I$200,Combo_chi_tiet!$B$3:$B$200=D18)),""""))"),"")
A19: DH0004 | B19: {=IF(A19="","",IFERROR(INDEX(Don_hang!$B$2:$B$1000,MATCH(A19,Don_hang!$A$2:$A$1000,0)),""))} -> 46098 | C19: {=IF(A19="","",IFERROR(INDEX(Don_hang!$C$2:$C$1000,MATCH(A19,Don_hang!$A$2:$A$1000,0)),""))} -> Ms. Ngọc - Chung cư Feliz | D19: Thăn bò ngũ vị | E19: 200g | F19: 1 | G19: =IFERROR(VALUE(SUBSTITUTE(E19,"g",""))*F19,"") -> 200 | H19: 116000 | I19: =IF(OR(F19="",H19=""),"",F19*H19) -> 116000 | J19: 74740.817 | K19: =IF(OR(F19="",J19=""),"",F19*J19) -> 74740.817 | L19: =IF(OR(H19="",J19=""),"",H19-J19) -> 41259.183 | M19: =IF(OR(F19="",L19=""),"",F19*L19) -> 41259.183 | N19: 0.1 | O19: =M19 - (I19 * N19) -> 29659.183 | P19: =IF(D19="","",IF(COUNTIF(Combo_tong_hop!$B$3:$B$100,D19)>0,"Combo","Món lẻ")) -> Món lẻ | Q19: =IFERROR(__xludf.DUMMYFUNCTION("IF(P19<>""Combo"","""",IFERROR(""""&TEXTJOIN("", ""&char(10),TRUE,FILTER(Combo_chi_tiet!$I$3:$I$200,Combo_chi_tiet!$B$3:$B$200=D19)),""""))"),"")
A20: DH0004 | B20: {=IF(A20="","",IFERROR(INDEX(Don_hang!$B$2:$B$1000,MATCH(A20,Don_hang!$A$2:$A$1000,0)),""))} -> 46098 | C20: {=IF(A20="","",IFERROR(INDEX(Don_hang!$C$2:$C$1000,MATCH(A20,Don_hang!$A$2:$A$1000,0)),""))} -> Ms. Ngọc - Chung cư Feliz | D20: Cá thu cà ri | E20: 200g | F20: 1 | G20: =IFERROR(VALUE(SUBSTITUTE(E20,"g",""))*F20,"") -> 200 | H20: 92000 | I20: =IF(OR(F20="",H20=""),"",F20*H20) -> 92000 | J20: 55813.592 | K20: =IF(OR(F20="",J20=""),"",F20*J20) -> 55813.592 | L20: =IF(OR(H20="",J20=""),"",H20-J20) -> 36186.408 | M20: =IF(OR(F20="",L20=""),"",F20*L20) -> 36186.408 | N20: 0.1 | O20: =M20 - (I20 * N20) -> 26986.408 | P20: =IF(D20="","",IF(COUNTIF(Combo_tong_hop!$B$3:$B$100,D20)>0,"Combo","Món lẻ")) -> Món lẻ | Q20: =IFERROR(__xludf.DUMMYFUNCTION("IF(P20<>""Combo"","""",IFERROR(""""&TEXTJOIN("", ""&char(10),TRUE,FILTER(Combo_chi_tiet!$I$3:$I$200,Combo_chi_tiet!$B$3:$B$200=D20)),""""))"),"")
A21: DH0005 | B21: {=IF(A21="","",IFERROR(INDEX(Don_hang!$B$2:$B$1000,MATCH(A21,Don_hang!$A$2:$A$1000,0)),""))} -> 46098 | C21: {=IF(A21="","",IFERROR(INDEX(Don_hang!$C$2:$C$1000,MATCH(A21,Don_hang!$A$2:$A$1000,0)),""))} -> Mẹ Bột - Chung cư City Garden | D21: Ức gà cajun | E21: 200g | F21: 2 | G21: =IFERROR(VALUE(SUBSTITUTE(E21,"g",""))*F21,"") -> 400 | H21: 48000 | I21: =IF(OR(F21="",H21=""),"",F21*H21) -> 96000 | J21: 32917.592 | K21: =IF(OR(F21="",J21=""),"",F21*J21) -> 65835.184 | L21: =IF(OR(H21="",J21=""),"",H21-J21) -> 15082.408 | M21: =IF(OR(F21="",L21=""),"",F21*L21) -> 30164.816 | N21: 0.1 | O21: =M21 - (I21 * N21) -> 20564.816 | P21: =IF(D21="","",IF(COUNTIF(Combo_tong_hop!$B$3:$B$100,D21)>0,"Combo","Món lẻ")) -> Món lẻ | Q21: =IFERROR(__xludf.DUMMYFUNCTION("IF(P21<>""Combo"","""",IFERROR(""""&TEXTJOIN("", ""&char(10),TRUE,FILTER(Combo_chi_tiet!$I$3:$I$200,Combo_chi_tiet!$B$3:$B$200=D21)),""""))"),"")
A22: DH0005 | B22: {=IF(A22="","",IFERROR(INDEX(Don_hang!$B$2:$B$1000,MATCH(A22,Don_hang!$A$2:$A$1000,0)),""))} -> 46098 | C22: {=IF(A22="","",IFERROR(INDEX(Don_hang!$C$2:$C$1000,MATCH(A22,Don_hang!$A$2:$A$1000,0)),""))} -> Mẹ Bột - Chung cư City Garden | D22: Ức gà ngũ vị | E22: 200g | F22: 1 | G22: =IFERROR(VALUE(SUBSTITUTE(E22,"g",""))*F22,"") -> 200 | H22: 48000 | I22: =IF(OR(F22="",H22=""),"",F22*H22) -> 48000 | J22: 32407.788 | K22: =IF(OR(F22="",J22=""),"",F22*J22) -> 32407.788 | L22: =IF(OR(H22="",J22=""),"",H22-J22) -> 15592.212 | M22: =IF(OR(F22="",L22=""),"",F22*L22) -> 15592.212 | N22: 0.1 | O22: =M22 - (I22 * N22) -> 10792.212 | P22: =IF(D22="","",IF(COUNTIF(Combo_tong_hop!$B$3:$B$100,D22)>0,"Combo","Món lẻ")) -> Món lẻ | Q22: =IFERROR(__xludf.DUMMYFUNCTION("IF(P22<>""Combo"","""",IFERROR(""""&TEXTJOIN("", ""&char(10),TRUE,FILTER(Combo_chi_tiet!$I$3:$I$200,Combo_chi_tiet!$B$3:$B$200=D22)),""""))"),"")
A23: DH0005 | B23: {=IF(A23="","",IFERROR(INDEX(Don_hang!$B$2:$B$1000,MATCH(A23,Don_hang!$A$2:$A$1000,0)),""))} -> 46098 | C23: {=IF(A23="","",IFERROR(INDEX(Don_hang!$C$2:$C$1000,MATCH(A23,Don_hang!$A$2:$A$1000,0)),""))} -> Mẹ Bột - Chung cư City Garden | D23: Cốt lết mè rang | E23: 200g | F23: 1 | G23: =IFERROR(VALUE(SUBSTITUTE(E23,"g",""))*F23,"") -> 200 | H23: 58000 | I23: =IF(OR(F23="",H23=""),"",F23*H23) -> 58000 | J23: 39500.158 | K23: =IF(OR(F23="",J23=""),"",F23*J23) -> 39500.158 | L23: =IF(OR(H23="",J23=""),"",H23-J23) -> 18499.842 | M23: =IF(OR(F23="",L23=""),"",F23*L23) -> 18499.842 | N23: 0.1 | O23: =M23 - (I23 * N23) -> 12699.842 | P23: =IF(D23="","",IF(COUNTIF(Combo_tong_hop!$B$3:$B$100,D23)>0,"Combo","Món lẻ")) -> Món lẻ | Q23: =IFERROR(__xludf.DUMMYFUNCTION("IF(P23<>""Combo"","""",IFERROR(""""&TEXTJOIN("", ""&char(10),TRUE,FILTER(Combo_chi_tiet!$I$3:$I$200,Combo_chi_tiet!$B$3:$B$200=D23)),""""))"),"")
A24: DH0005 | B24: {=IF(A24="","",IFERROR(INDEX(Don_hang!$B$2:$B$1000,MATCH(A24,Don_hang!$A$2:$A$1000,0)),""))} -> 46098 | C24: {=IF(A24="","",IFERROR(INDEX(Don_hang!$C$2:$C$1000,MATCH(A24,Don_hang!$A$2:$A$1000,0)),""))} -> Mẹ Bột - Chung cư City Garden | D24: Nạc heo sả nghệ | E24: 200g | F24: 1 | G24: =IFERROR(VALUE(SUBSTITUTE(E24,"g",""))*F24,"") -> 200 | H24: 58000 | I24: =IF(OR(F24="",H24=""),"",F24*H24) -> 58000 | J24: 37021.792 | K24: =IF(OR(F24="",J24=""),"",F24*J24) -> 37021.792 | L24: =IF(OR(H24="",J24=""),"",H24-J24) -> 20978.208 | M24: =IF(OR(F24="",L24=""),"",F24*L24) -> 20978.208 | N24: 0.1 | O24: =M24 - (I24 * N24) -> 15178.208 | P24: =IF(D24="","",IF(COUNTIF(Combo_tong_hop!$B$3:$B$100,D24)>0,"Combo","Món lẻ")) -> Món lẻ | Q24: =IFERROR(__xludf.DUMMYFUNCTION("IF(P24<>""Combo"","""",IFERROR(""""&TEXTJOIN("", ""&char(10),TRUE,FILTER(Combo_chi_tiet!$I$3:$I$200,Combo_chi_tiet!$B$3:$B$200=D24)),""""))"),"")
A25: DH0006 | B25: {=IF(A25="","",IFERROR(INDEX(Don_hang!$B$2:$B$1000,MATCH(A25,Don_hang!$A$2:$A$1000,0)),""))} -> 46098 | C25: {=IF(A25="","",IFERROR(INDEX(Don_hang!$C$2:$C$1000,MATCH(A25,Don_hang!$A$2:$A$1000,0)),""))} -> Yến Q7 | D25: Ức gà cajun | E25: 150g | F25: 1 | G25: =IFERROR(VALUE(SUBSTITUTE(E25,"g",""))*F25,"") -> 150 | H25: 36000 | I25: =IF(OR(F25="",H25=""),"",F25*H25) -> 36000 | J25: 24688.194 | K25: =IF(OR(F25="",J25=""),"",F25*J25) -> 24688.194 | L25: =IF(OR(H25="",J25=""),"",H25-J25) -> 11311.806 | M25: =IF(OR(F25="",L25=""),"",F25*L25) -> 11311.806 | N25: 0.1 | O25: =M25 - (I25 * N25) -> 7711.806 | P25: =IF(D25="","",IF(COUNTIF(Combo_tong_hop!$B$3:$B$100,D25)>0,"Combo","Món lẻ")) -> Món lẻ | Q25: =IFERROR(__xludf.DUMMYFUNCTION("IF(P25<>""Combo"","""",IFERROR(""""&TEXTJOIN("", ""&char(10),TRUE,FILTER(Combo_chi_tiet!$I$3:$I$200,Combo_chi_tiet!$B$3:$B$200=D25)),""""))"),"")
A26: DH0006 | B26: {=IF(A26="","",IFERROR(INDEX(Don_hang!$B$2:$B$1000,MATCH(A26,Don_hang!$A$2:$A$1000,0)),""))} -> 46098 | C26: {=IF(A26="","",IFERROR(INDEX(Don_hang!$C$2:$C$1000,MATCH(A26,Don_hang!$A$2:$A$1000,0)),""))} -> Yến Q7 | D26: Ức gà ngũ vị | E26: 150g | F26: 1 | G26: =IFERROR(VALUE(SUBSTITUTE(E26,"g",""))*F26,"") -> 150 | H26: 36000 | I26: =IF(OR(F26="",H26=""),"",F26*H26) -> 36000 | J26: 24305.841 | K26: =IF(OR(F26="",J26=""),"",F26*J26) -> 24305.841 | L26: =IF(OR(H26="",J26=""),"",H26-J26) -> 11694.159 | M26: =IF(OR(F26="",L26=""),"",F26*L26) -> 11694.159 | N26: 0.1 | O26: =M26 - (I26 * N26) -> 8094.1592 | P26: =IF(D26="","",IF(COUNTIF(Combo_tong_hop!$B$3:$B$100,D26)>0,"Combo","Món lẻ")) -> Món lẻ | Q26: =IFERROR(__xludf.DUMMYFUNCTION("IF(P26<>""Combo"","""",IFERROR(""""&TEXTJOIN("", ""&char(10),TRUE,FILTER(Combo_chi_tiet!$I$3:$I$200,Combo_chi_tiet!$B$3:$B$200=D26)),""""))"),"")
A27: DH0006 | B27: {=IF(A27="","",IFERROR(INDEX(Don_hang!$B$2:$B$1000,MATCH(A27,Don_hang!$A$2:$A$1000,0)),""))} -> 46098 | C27: {=IF(A27="","",IFERROR(INDEX(Don_hang!$C$2:$C$1000,MATCH(A27,Don_hang!$A$2:$A$1000,0)),""))} -> Yến Q7 | D27: Ứ́c gà gừng tỏi | E27: 150g | F27: 1 | G27: =IFERROR(VALUE(SUBSTITUTE(E27,"g",""))*F27,"") -> 150 | H27: 36000 | I27: =IF(OR(F27="",H27=""),"",F27*H27) -> 36000 | J27: 23811.507 | K27: =IF(OR(F27="",J27=""),"",F27*J27) -> 23811.507 | L27: =IF(OR(H27="",J27=""),"",H27-J27) -> 12188.493 | M27: =IF(OR(F27="",L27=""),"",F27*L27) -> 12188.493 | N27: 0.1 | O27: =M27 - (I27 * N27) -> 8588.4929 | P27: =IF(D27="","",IF(COUNTIF(Combo_tong_hop!$B$3:$B$100,D27)>0,"Combo","Món lẻ")) -> Món lẻ | Q27: =IFERROR(__xludf.DUMMYFUNCTION("IF(P27<>""Combo"","""",IFERROR(""""&TEXTJOIN("", ""&char(10),TRUE,FILTER(Combo_chi_tiet!$I$3:$I$200,Combo_chi_tiet!$B$3:$B$200=D27)),""""))"),"")
A28: DH0006 | B28: {=IF(A28="","",IFERROR(INDEX(Don_hang!$B$2:$B$1000,MATCH(A28,Don_hang!$A$2:$A$1000,0)),""))} -> 46098 | C28: {=IF(A28="","",IFERROR(INDEX(Don_hang!$C$2:$C$1000,MATCH(A28,Don_hang!$A$2:$A$1000,0)),""))} -> Yến Q7 | D28: Ức gà̀ cà ri | E28: 150g | F28: 1 | G28: =IFERROR(VALUE(SUBSTITUTE(E28,"g",""))*F28,"") -> 150 | H28: 36000 | I28: =IF(OR(F28="",H28=""),"",F28*H28) -> 36000 | J28: 23654.327 | K28: =IF(OR(F28="",J28=""),"",F28*J28) -> 23654.327 | L28: =IF(OR(H28="",J28=""),"",H28-J28) -> 12345.673 | M28: =IF(OR(F28="",L28=""),"",F28*L28) -> 12345.673 | N28: 0.1 | O28: =M28 - (I28 * N28) -> 8745.6735 | P28: =IF(D28="","",IF(COUNTIF(Combo_tong_hop!$B$3:$B$100,D28)>0,"Combo","Món lẻ")) -> Món lẻ | Q28: =IFERROR(__xludf.DUMMYFUNCTION("IF(P28<>""Combo"","""",IFERROR(""""&TEXTJOIN("", ""&char(10),TRUE,FILTER(Combo_chi_tiet!$I$3:$I$200,Combo_chi_tiet!$B$3:$B$200=D28)),""""))"),"")
A29: DH0006 | B29: {=IF(A29="","",IFERROR(INDEX(Don_hang!$B$2:$B$1000,MATCH(A29,Don_hang!$A$2:$A$1000,0)),""))} -> 46098 | C29: {=IF(A29="","",IFERROR(INDEX(Don_hang!$C$2:$C$1000,MATCH(A29,Don_hang!$A$2:$A$1000,0)),""))} -> Yến Q7 | D29: Cốt lết mè rang | E29: 150g | F29: 1 | G29: =IFERROR(VALUE(SUBSTITUTE(E29,"g",""))*F29,"") -> 150 | H29: 44000 | I29: =IF(OR(F29="",H29=""),"",F29*H29) -> 44000 | J29: 29625.119 | K29: =IF(OR(F29="",J29=""),"",F29*J29) -> 29625.119 | L29: =IF(OR(H29="",J29=""),"",H29-J29) -> 14374.881 | M29: =IF(OR(F29="",L29=""),"",F29*L29) -> 14374.881 | N29: 0.1 | O29: =M29 - (I29 * N29) -> 9974.8814 | P29: =IF(D29="","",IF(COUNTIF(Combo_tong_hop!$B$3:$B$100,D29)>0,"Combo","Món lẻ")) -> Món lẻ | Q29: =IFERROR(__xludf.DUMMYFUNCTION("IF(P29<>""Combo"","""",IFERROR(""""&TEXTJOIN("", ""&char(10),TRUE,FILTER(Combo_chi_tiet!$I$3:$I$200,Combo_chi_tiet!$B$3:$B$200=D29)),""""))"),"")
A30: DH0006 | B30: {=IF(A30="","",IFERROR(INDEX(Don_hang!$B$2:$B$1000,MATCH(A30,Don_hang!$A$2:$A$1000,0)),""))} -> 46098 | C30: {=IF(A30="","",IFERROR(INDEX(Don_hang!$C$2:$C$1000,MATCH(A30,Don_hang!$A$2:$A$1000,0)),""))} -> Yến Q7 | D30: Cốt lết gừng tỏi | E30: 150g | F30: 1 | G30: =IFERROR(VALUE(SUBSTITUTE(E30,"g",""))*F30,"") -> 150 | H30: 44000 | I30: =IF(OR(F30="",H30=""),"",F30*H30) -> 44000 | J30: 29511.507 | K30: =IF(OR(F30="",J30=""),"",F30*J30) -> 29511.507 | L30: =IF(OR(H30="",J30=""),"",H30-J30) -> 14488.493 | M30: =IF(OR(F30="",L30=""),"",F30*L30) -> 14488.493 | N30: 0.1 | O30: =M30 - (I30 * N30) -> 10088.493 | P30: =IF(D30="","",IF(COUNTIF(Combo_tong_hop!$B$3:$B$100,D30)>0,"Combo","Món lẻ")) -> Món lẻ | Q30: =IFERROR(__xludf.DUMMYFUNCTION("IF(P30<>""Combo"","""",IFERROR(""""&TEXTJOIN("", ""&char(10),TRUE,FILTER(Combo_chi_tiet!$I$3:$I$200,Combo_chi_tiet!$B$3:$B$200=D30)),""""))"),"")
A31: DH0006 | B31: {=IF(A31="","",IFERROR(INDEX(Don_hang!$B$2:$B$1000,MATCH(A31,Don_hang!$A$2:$A$1000,0)),""))} -> 46098 | C31: {=IF(A31="","",IFERROR(INDEX(Don_hang!$C$2:$C$1000,MATCH(A31,Don_hang!$A$2:$A$1000,0)),""))} -> Yến Q7 | D31: Nạc heo sả nghệ | E31: 150g | F31: 1 | G31: =IFERROR(VALUE(SUBSTITUTE(E31,"g",""))*F31,"") -> 150 | H31: 44000 | I31: =IF(OR(F31="",H31=""),"",F31*H31) -> 44000 | J31: 27766.344 | K31: =IF(OR(F31="",J31=""),"",F31*J31) -> 27766.344 | L31: =IF(OR(H31="",J31=""),"",H31-J31) -> 16233.656 | M31: =IF(OR(F31="",L31=""),"",F31*L31) -> 16233.656 | N31: 0.1 | O31: =M31 - (I31 * N31) -> 11833.656 | P31: =IF(D31="","",IF(COUNTIF(Combo_tong_hop!$B$3:$B$100,D31)>0,"Combo","Món lẻ")) -> Món lẻ | Q31: =IFERROR(__xludf.DUMMYFUNCTION("IF(P31<>""Combo"","""",IFERROR(""""&TEXTJOIN("", ""&char(10),TRUE,FILTER(Combo_chi_tiet!$I$3:$I$200,Combo_chi_tiet!$B$3:$B$200=D31)),""""))"),"")
A32: DH0006 | B32: {=IF(A32="","",IFERROR(INDEX(Don_hang!$B$2:$B$1000,MATCH(A32,Don_hang!$A$2:$A$1000,0)),""))} -> 46098 | C32: {=IF(A32="","",IFERROR(INDEX(Don_hang!$C$2:$C$1000,MATCH(A32,Don_hang!$A$2:$A$1000,0)),""))} -> Yến Q7 | D32: Nạ̣c heo ngũ vị | E32: 150g | F32: 1 | G32: =IFERROR(VALUE(SUBSTITUTE(E32,"g",""))*F32,"") -> 150 | H32: 44000 | I32: =IF(OR(F32="",H32=""),"",F32*H32) -> 44000 | J32: 30305.841 | K32: =IF(OR(F32="",J32=""),"",F32*J32) -> 30305.841 | L32: =IF(OR(H32="",J32=""),"",H32-J32) -> 13694.159 | M32: =IF(OR(F32="",L32=""),"",F32*L32) -> 13694.159 | N32: 0.1 | O32: =M32 - (I32 * N32) -> 9294.1592 | P32: =IF(D32="","",IF(COUNTIF(Combo_tong_hop!$B$3:$B$100,D32)>0,"Combo","Món lẻ")) -> Món lẻ | Q32: =IFERROR(__xludf.DUMMYFUNCTION("IF(P32<>""Combo"","""",IFERROR(""""&TEXTJOIN("", ""&char(10),TRUE,FILTER(Combo_chi_tiet!$I$3:$I$200,Combo_chi_tiet!$B$3:$B$200=D32)),""""))"),"")
A33: DH0006 | B33: {=IF(A33="","",IFERROR(INDEX(Don_hang!$B$2:$B$1000,MATCH(A33,Don_hang!$A$2:$A$1000,0)),""))} -> 46098 | C33: {=IF(A33="","",IFERROR(INDEX(Don_hang!$C$2:$C$1000,MATCH(A33,Don_hang!$A$2:$A$1000,0)),""))} -> Yến Q7 | D33: Thăn bò ngũ vị | E33: 150g | F33: 1 | G33: =IFERROR(VALUE(SUBSTITUTE(E33,"g",""))*F33,"") -> 150 | H33: 87000 | I33: =IF(OR(F33="",H33=""),"",F33*H33) -> 87000 | J33: 56055.613 | K33: =IF(OR(F33="",J33=""),"",F33*J33) -> 56055.613 | L33: =IF(OR(H33="",J33=""),"",H33-J33) -> 30944.387 | M33: =IF(OR(F33="",L33=""),"",F33*L33) -> 30944.387 | N33: 0.1 | O33: =M33 - (I33 * N33) -> 22244.387 | P33: =IF(D33="","",IF(COUNTIF(Combo_tong_hop!$B$3:$B$100,D33)>0,"Combo","Món lẻ")) -> Món lẻ | Q33: =IFERROR(__xludf.DUMMYFUNCTION("IF(P33<>""Combo"","""",IFERROR(""""&TEXTJOIN("", ""&char(10),TRUE,FILTER(Combo_chi_tiet!$I$3:$I$200,Combo_chi_tiet!$B$3:$B$200=D33)),""""))"),"")
A34: DH0006 | B34: {=IF(A34="","",IFERROR(INDEX(Don_hang!$B$2:$B$1000,MATCH(A34,Don_hang!$A$2:$A$1000,0)),""))} -> 46098 | C34: {=IF(A34="","",IFERROR(INDEX(Don_hang!$C$2:$C$1000,MATCH(A34,Don_hang!$A$2:$A$1000,0)),""))} -> Yến Q7 | D34: Thăn bò̀ cajun | E34: 150g | F34: 1 | G34: =IFERROR(VALUE(SUBSTITUTE(E34,"g",""))*F34,"") -> 150 | H34: 87000 | I34: =IF(OR(F34="",H34=""),"",F34*H34) -> 87000 | J34: 56008.194 | K34: =IF(OR(F34="",J34=""),"",F34*J34) -> 56008.194 | L34: =IF(OR(H34="",J34=""),"",H34-J34) -> 30991.806 | M34: =IF(OR(F34="",L34=""),"",F34*L34) -> 30991.806 | N34: 0.1 | O34: =M34 - (I34 * N34) -> 22291.806 | P34: =IF(D34="","",IF(COUNTIF(Combo_tong_hop!$B$3:$B$100,D34)>0,"Combo","Món lẻ")) -> Món lẻ | Q34: =IFERROR(__xludf.DUMMYFUNCTION("IF(P34<>""Combo"","""",IFERROR(""""&TEXTJOIN("", ""&char(10),TRUE,FILTER(Combo_chi_tiet!$I$3:$I$200,Combo_chi_tiet!$B$3:$B$200=D34)),""""))"),"")
A35: DH0006 | B35: {=IF(A35="","",IFERROR(INDEX(Don_hang!$B$2:$B$1000,MATCH(A35,Don_hang!$A$2:$A$1000,0)),""))} -> 46098 | C35: {=IF(A35="","",IFERROR(INDEX(Don_hang!$C$2:$C$1000,MATCH(A35,Don_hang!$A$2:$A$1000,0)),""))} -> Yến Q7 | D35: Tôm gừng tỏi | E35: 150g | F35: 1 | G35: =IFERROR(VALUE(SUBSTITUTE(E35,"g",""))*F35,"") -> 150 | H35: 69000 | I35: =IF(OR(F35="",H35=""),"",F35*H35) -> 69000 | J35: 71433.507 | K35: =IF(OR(F35="",J35=""),"",F35*J35) -> 71433.507 | L35: =IF(OR(H35="",J35=""),"",H35-J35) -> -2433.5071 | M35: =IF(OR(F35="",L35=""),"",F35*L35) -> -2433.5071 | N35: 0.1 | O35: =M35 - (I35 * N35) -> -9333.5071 | P35: =IF(D35="","",IF(COUNTIF(Combo_tong_hop!$B$3:$B$100,D35)>0,"Combo","Món lẻ")) -> Món lẻ | Q35: =IFERROR(__xludf.DUMMYFUNCTION("IF(P35<>""Combo"","""",IFERROR(""""&TEXTJOIN("", ""&char(10),TRUE,FILTER(Combo_chi_tiet!$I$3:$I$200,Combo_chi_tiet!$B$3:$B$200=D35)),""""))"),"")
A36: DH0006 | B36: {=IF(A36="","",IFERROR(INDEX(Don_hang!$B$2:$B$1000,MATCH(A36,Don_hang!$A$2:$A$1000,0)),""))} -> 46098 | C36: {=IF(A36="","",IFERROR(INDEX(Don_hang!$C$2:$C$1000,MATCH(A36,Don_hang!$A$2:$A$1000,0)),""))} -> Yến Q7 | D36: Tôm cajun | E36: 150g | F36: 1 | G36: =IFERROR(VALUE(SUBSTITUTE(E36,"g",""))*F36,"") -> 150 | H36: 69000 | I36: =IF(OR(F36="",H36=""),"",F36*H36) -> 69000 | J36: 71860.194 | K36: =IF(OR(F36="",J36=""),"",F36*J36) -> 71860.194 | L36: =IF(OR(H36="",J36=""),"",H36-J36) -> -2860.194 | M36: =IF(OR(F36="",L36=""),"",F36*L36) -> -2860.194 | N36: 0.1 | O36: =M36 - (I36 * N36) -> -9760.194 | P36: =IF(D36="","",IF(COUNTIF(Combo_tong_hop!$B$3:$B$100,D36)>0,"Combo","Món lẻ")) -> Món lẻ | Q36: =IFERROR(__xludf.DUMMYFUNCTION("IF(P36<>""Combo"","""",IFERROR(""""&TEXTJOIN("", ""&char(10),TRUE,FILTER(Combo_chi_tiet!$I$3:$I$200,Combo_chi_tiet!$B$3:$B$200=D36)),""""))"),"")
A37: DH0006 | B37: {=IF(A37="","",IFERROR(INDEX(Don_hang!$B$2:$B$1000,MATCH(A37,Don_hang!$A$2:$A$1000,0)),""))} -> 46098 | C37: {=IF(A37="","",IFERROR(INDEX(Don_hang!$C$2:$C$1000,MATCH(A37,Don_hang!$A$2:$A$1000,0)),""))} -> Yến Q7 | D37: Cá thu cà ri | E37: 150g | F37: 1 | G37: =IFERROR(VALUE(SUBSTITUTE(E37,"g",""))*F37,"") -> 150 | H37: 69000 | I37: =IF(OR(F37="",H37=""),"",F37*H37) -> 69000 | J37: 41860.194 | K37: =IF(OR(F37="",J37=""),"",F37*J37) -> 41860.194 | L37: =IF(OR(H37="",J37=""),"",H37-J37) -> 27139.806 | M37: =IF(OR(F37="",L37=""),"",F37*L37) -> 27139.806 | N37: 0.1 | O37: =M37 - (I37 * N37) -> 20239.806 | P37: =IF(D37="","",IF(COUNTIF(Combo_tong_hop!$B$3:$B$100,D37)>0,"Combo","Món lẻ")) -> Món lẻ | Q37: =IFERROR(__xludf.DUMMYFUNCTION("IF(P37<>""Combo"","""",IFERROR(""""&TEXTJOIN("", ""&char(10),TRUE,FILTER(Combo_chi_tiet!$I$3:$I$200,Combo_chi_tiet!$B$3:$B$200=D37)),""""))"),"")
A38: DH0007 | B38: {=IF(A38="","",IFERROR(INDEX(Don_hang!$B$2:$B$1000,MATCH(A38,Don_hang!$A$2:$A$1000,0)),""))} -> 46098 | C38: {=IF(A38="","",IFERROR(INDEX(Don_hang!$C$2:$C$1000,MATCH(A38,Don_hang!$A$2:$A$1000,0)),""))} -> Trúc | D38: Thăn bò ngũ vị | E38: 100g | F38: 1 | G38: =IFERROR(VALUE(SUBSTITUTE(E38,"g",""))*F38,"") -> 100 | H38: 59000 | I38: =IF(OR(F38="",H38=""),"",F38*H38) -> 59000 | J38: 37370.409 | K38: =IF(OR(F38="",J38=""),"",F38*J38) -> 37370.409 | L38: =IF(OR(H38="",J38=""),"",H38-J38) -> 21629.591 | M38: =IF(OR(F38="",L38=""),"",F38*L38) -> 21629.591 | N38: 0.1 | O38: =M38 - (I38 * N38) -> 15729.591 | P38: =IF(D38="","",IF(COUNTIF(Combo_tong_hop!$B$3:$B$100,D38)>0,"Combo","Món lẻ")) -> Món lẻ | Q38: =IFERROR(__xludf.DUMMYFUNCTION("IF(P38<>""Combo"","""",IFERROR(""""&TEXTJOIN("", ""&char(10),TRUE,FILTER(Combo_chi_tiet!$I$3:$I$200,Combo_chi_tiet!$B$3:$B$200=D38)),""""))"),"")
A39: DH0007 | B39: {=IF(A39="","",IFERROR(INDEX(Don_hang!$B$2:$B$1000,MATCH(A39,Don_hang!$A$2:$A$1000,0)),""))} -> 46098 | C39: {=IF(A39="","",IFERROR(INDEX(Don_hang!$C$2:$C$1000,MATCH(A39,Don_hang!$A$2:$A$1000,0)),""))} -> Trúc | D39: Tôm gừng tỏi | E39: 100g | F39: 1 | G39: =IFERROR(VALUE(SUBSTITUTE(E39,"g",""))*F39,"") -> 100 | H39: 47000 | I39: =IF(OR(F39="",H39=""),"",F39*H39) -> 47000 | J39: 47622.338 | K39: =IF(OR(F39="",J39=""),"",F39*J39) -> 47622.338 | L39: =IF(OR(H39="",J39=""),"",H39-J39) -> -622.3381 | M39: =IF(OR(F39="",L39=""),"",F39*L39) -> -622.3381 | N39: 0.1 | O39: =M39 - (I39 * N39) -> -5322.3381 | P39: =IF(D39="","",IF(COUNTIF(Combo_tong_hop!$B$3:$B$100,D39)>0,"Combo","Món lẻ")) -> Món lẻ | Q39: =IFERROR(__xludf.DUMMYFUNCTION("IF(P39<>""Combo"","""",IFERROR(""""&TEXTJOIN("", ""&char(10),TRUE,FILTER(Combo_chi_tiet!$I$3:$I$200,Combo_chi_tiet!$B$3:$B$200=D39)),""""))"),"")
A40: DH0007 | B40: {=IF(A40="","",IFERROR(INDEX(Don_hang!$B$2:$B$1000,MATCH(A40,Don_hang!$A$2:$A$1000,0)),""))} -> 46098 | C40: {=IF(A40="","",IFERROR(INDEX(Don_hang!$C$2:$C$1000,MATCH(A40,Don_hang!$A$2:$A$1000,0)),""))} -> Trúc | D40: Ức gà cajun | E40: 100g | F40: 2 | G40: =IFERROR(VALUE(SUBSTITUTE(E40,"g",""))*F40,"") -> 200 | H40: 25000 | I40: =IF(OR(F40="",H40=""),"",F40*H40) -> 50000 | J40: 16458.796 | K40: =IF(OR(F40="",J40=""),"",F40*J40) -> 32917.592 | L40: =IF(OR(H40="",J40=""),"",H40-J40) -> 8541.204 | M40: =IF(OR(F40="",L40=""),"",F40*L40) -> 17082.408 | N40: 0.1 | O40: =M40 - (I40 * N40) -> 12082.408 | P40: =IF(D40="","",IF(COUNTIF(Combo_tong_hop!$B$3:$B$100,D40)>0,"Combo","Món lẻ")) -> Món lẻ | Q40: =IFERROR(__xludf.DUMMYFUNCTION("IF(P40<>""Combo"","""",IFERROR(""""&TEXTJOIN("", ""&char(10),TRUE,FILTER(Combo_chi_tiet!$I$3:$I$200,Combo_chi_tiet!$B$3:$B$200=D40)),""""))"),"")
A41: DH0007 | B41: {=IF(A41="","",IFERROR(INDEX(Don_hang!$B$2:$B$1000,MATCH(A41,Don_hang!$A$2:$A$1000,0)),""))} -> 46098 | C41: {=IF(A41="","",IFERROR(INDEX(Don_hang!$C$2:$C$1000,MATCH(A41,Don_hang!$A$2:$A$1000,0)),""))} -> Trúc | D41: Cốt lết mè rang | E41: 100g | F41: 1 | G41: =IFERROR(VALUE(SUBSTITUTE(E41,"g",""))*F41,"") -> 100 | H41: 30000 | I41: =IF(OR(F41="",H41=""),"",F41*H41) -> 30000 | J41: 19750.079 | K41: =IF(OR(F41="",J41=""),"",F41*J41) -> 19750.079 | L41: =IF(OR(H41="",J41=""),"",H41-J41) -> 10249.921 | M41: =IF(OR(F41="",L41=""),"",F41*L41) -> 10249.921 | N41: 0.1 | O41: =M41 - (I41 * N41) -> 7249.9209 | P41: =IF(D41="","",IF(COUNTIF(Combo_tong_hop!$B$3:$B$100,D41)>0,"Combo","Món lẻ")) -> Món lẻ | Q41: =IFERROR(__xludf.DUMMYFUNCTION("IF(P41<>""Combo"","""",IFERROR(""""&TEXTJOIN("", ""&char(10),TRUE,FILTER(Combo_chi_tiet!$I$3:$I$200,Combo_chi_tiet!$B$3:$B$200=D41)),""""))"),"")
A42: DH0008 | B42: {=IF(A42="","",IFERROR(INDEX(Don_hang!$B$2:$B$1000,MATCH(A42,Don_hang!$A$2:$A$1000,0)),""))} -> 46098 | C42: {=IF(A42="","",IFERROR(INDEX(Don_hang!$C$2:$C$1000,MATCH(A42,Don_hang!$A$2:$A$1000,0)),""))} -> Huyền dạy yoga cổng vào Vista | D42: Ức gà ngũ vị | E42: 100g | F42: 1 | G42: =IFERROR(VALUE(SUBSTITUTE(E42,"g",""))*F42,"") -> 100 | H42: 25000 | I42: =IF(OR(F42="",H42=""),"",F42*H42) -> 25000 | J42: 16203.894 | K42: =IF(OR(F42="",J42=""),"",F42*J42) -> 16203.894 | L42: =IF(OR(H42="",J42=""),"",H42-J42) -> 8796.1061 | M42: =IF(OR(F42="",L42=""),"",F42*L42) -> 8796.1061 | N42: 0.1 | O42: =M42 - (I42 * N42) -> 6296.1061 | P42: =IF(D42="","",IF(COUNTIF(Combo_tong_hop!$B$3:$B$100,D42)>0,"Combo","Món lẻ")) -> Món lẻ | Q42: =IFERROR(__xludf.DUMMYFUNCTION("IF(P42<>""Combo"","""",IFERROR(""""&TEXTJOIN("", ""&char(10),TRUE,FILTER(Combo_chi_tiet!$I$3:$I$200,Combo_chi_tiet!$B$3:$B$200=D42)),""""))"),"")
A43: DH0008 | B43: {=IF(A43="","",IFERROR(INDEX(Don_hang!$B$2:$B$1000,MATCH(A43,Don_hang!$A$2:$A$1000,0)),""))} -> 46098 | C43: {=IF(A43="","",IFERROR(INDEX(Don_hang!$C$2:$C$1000,MATCH(A43,Don_hang!$A$2:$A$1000,0)),""))} -> Huyền dạy yoga cổng vào Vista | D43: Tôm gừng tỏi | E43: 100g | F43: 1 | G43: =IFERROR(VALUE(SUBSTITUTE(E43,"g",""))*F43,"") -> 100 | H43: 47000 | I43: =IF(OR(F43="",H43=""),"",F43*H43) -> 47000 | J43: 47622.338 | K43: =IF(OR(F43="",J43=""),"",F43*J43) -> 47622.338 | L43: =IF(OR(H43="",J43=""),"",H43-J43) -> -622.3381 | M43: =IF(OR(F43="",L43=""),"",F43*L43) -> -622.3381 | N43: 0.1 | O43: =M43 - (I43 * N43) -> -5322.3381 | P43: =IF(D43="","",IF(COUNTIF(Combo_tong_hop!$B$3:$B$100,D43)>0,"Combo","Món lẻ")) -> Món lẻ | Q43: =IFERROR(__xludf.DUMMYFUNCTION("IF(P43<>""Combo"","""",IFERROR(""""&TEXTJOIN("", ""&char(10),TRUE,FILTER(Combo_chi_tiet!$I$3:$I$200,Combo_chi_tiet!$B$3:$B$200=D43)),""""))"),"")
A44: DH0009 | B44: {=IF(A44="","",IFERROR(INDEX(Don_hang!$B$2:$B$1000,MATCH(A44,Don_hang!$A$2:$A$1000,0)),""))} -> 46099 | C44: {=IF(A44="","",IFERROR(INDEX(Don_hang!$C$2:$C$1000,MATCH(A44,Don_hang!$A$2:$A$1000,0)),""))} -> Anh Trung Vista | D44: Ứ́c gà gừng tỏi | E44: 200g | F44: 1 | G44: =IFERROR(VALUE(SUBSTITUTE(E44,"g",""))*F44,"") -> 200 | H44: 48000 | I44: =IF(OR(F44="",H44=""),"",F44*H44) -> 48000 | J44: 31748.676 | K44: =IF(OR(F44="",J44=""),"",F44*J44) -> 31748.676 | L44: =IF(OR(H44="",J44=""),"",H44-J44) -> 16251.324 | M44: =IF(OR(F44="",L44=""),"",F44*L44) -> 16251.324 | N44: 0.1 | O44: =M44 - (I44 * N44) -> 11451.324 | P44: =IF(D44="","",IF(COUNTIF(Combo_tong_hop!$B$3:$B$100,D44)>0,"Combo","Món lẻ")) -> Món lẻ | Q44: =IFERROR(__xludf.DUMMYFUNCTION("IF(P44<>""Combo"","""",IFERROR(""""&TEXTJOIN("", ""&char(10),TRUE,FILTER(Combo_chi_tiet!$I$3:$I$200,Combo_chi_tiet!$B$3:$B$200=D44)),""""))"),"")
A45: DH0009 | B45: {=IF(A45="","",IFERROR(INDEX(Don_hang!$B$2:$B$1000,MATCH(A45,Don_hang!$A$2:$A$1000,0)),""))} -> 46099 | C45: {=IF(A45="","",IFERROR(INDEX(Don_hang!$C$2:$C$1000,MATCH(A45,Don_hang!$A$2:$A$1000,0)),""))} -> Anh Trung Vista | D45: Ức gà ngũ vị | E45: 200g | F45: 1 | G45: =IFERROR(VALUE(SUBSTITUTE(E45,"g",""))*F45,"") -> 200 | H45: 48000 | I45: =IF(OR(F45="",H45=""),"",F45*H45) -> 48000 | J45: 32407.788 | K45: =IF(OR(F45="",J45=""),"",F45*J45) -> 32407.788 | L45: =IF(OR(H45="",J45=""),"",H45-J45) -> 15592.212 | M45: =IF(OR(F45="",L45=""),"",F45*L45) -> 15592.212 | N45: 0.1 | O45: =M45 - (I45 * N45) -> 10792.212 | P45: =IF(D45="","",IF(COUNTIF(Combo_tong_hop!$B$3:$B$100,D45)>0,"Combo","Món lẻ")) -> Món lẻ | Q45: =IFERROR(__xludf.DUMMYFUNCTION("IF(P45<>""Combo"","""",IFERROR(""""&TEXTJOIN("", ""&char(10),TRUE,FILTER(Combo_chi_tiet!$I$3:$I$200,Combo_chi_tiet!$B$3:$B$200=D45)),""""))"),"")
A46: DH0009 | B46: {=IF(A46="","",IFERROR(INDEX(Don_hang!$B$2:$B$1000,MATCH(A46,Don_hang!$A$2:$A$1000,0)),""))} -> 46099 | C46: {=IF(A46="","",IFERROR(INDEX(Don_hang!$C$2:$C$1000,MATCH(A46,Don_hang!$A$2:$A$1000,0)),""))} -> Anh Trung Vista | D46: Ức gà̀ cà ri | E46: 200g | F46: 1 | G46: =IFERROR(VALUE(SUBSTITUTE(E46,"g",""))*F46,"") -> 200 | H46: 48000 | I46: =IF(OR(F46="",H46=""),"",F46*H46) -> 48000 | J46: 31539.102 | K46: =IF(OR(F46="",J46=""),"",F46*J46) -> 31539.102 | L46: =IF(OR(H46="",J46=""),"",H46-J46) -> 16460.898 | M46: =IF(OR(F46="",L46=""),"",F46*L46) -> 16460.898 | N46: 0.1 | O46: =M46 - (I46 * N46) -> 11660.898 | P46: =IF(D46="","",IF(COUNTIF(Combo_tong_hop!$B$3:$B$100,D46)>0,"Combo","Món lẻ")) -> Món lẻ | Q46: =IFERROR(__xludf.DUMMYFUNCTION("IF(P46<>""Combo"","""",IFERROR(""""&TEXTJOIN("", ""&char(10),TRUE,FILTER(Combo_chi_tiet!$I$3:$I$200,Combo_chi_tiet!$B$3:$B$200=D46)),""""))"),"")
A47: DH0009 | B47: {=IF(A47="","",IFERROR(INDEX(Don_hang!$B$2:$B$1000,MATCH(A47,Don_hang!$A$2:$A$1000,0)),""))} -> 46099 | C47: {=IF(A47="","",IFERROR(INDEX(Don_hang!$C$2:$C$1000,MATCH(A47,Don_hang!$A$2:$A$1000,0)),""))} -> Anh Trung Vista | D47: Nạc heo sả nghệ | E47: 200g | F47: 1 | G47: =IFERROR(VALUE(SUBSTITUTE(E47,"g",""))*F47,"") -> 200 | H47: 58000 | I47: =IF(OR(F47="",H47=""),"",F47*H47) -> 58000 | J47: 37021.792 | K47: =IF(OR(F47="",J47=""),"",F47*J47) -> 37021.792 | L47: =IF(OR(H47="",J47=""),"",H47-J47) -> 20978.208 | M47: =IF(OR(F47="",L47=""),"",F47*L47) -> 20978.208 | N47: 0.1 | O47: =M47 - (I47 * N47) -> 15178.208 | P47: =IF(D47="","",IF(COUNTIF(Combo_tong_hop!$B$3:$B$100,D47)>0,"Combo","Món lẻ")) -> Món lẻ | Q47: =IFERROR(__xludf.DUMMYFUNCTION("IF(P47<>""Combo"","""",IFERROR(""""&TEXTJOIN("", ""&char(10),TRUE,FILTER(Combo_chi_tiet!$I$3:$I$200,Combo_chi_tiet!$B$3:$B$200=D47)),""""))"),"")
A48: DH0009 | B48: {=IF(A48="","",IFERROR(INDEX(Don_hang!$B$2:$B$1000,MATCH(A48,Don_hang!$A$2:$A$1000,0)),""))} -> 46099 | C48: {=IF(A48="","",IFERROR(INDEX(Don_hang!$C$2:$C$1000,MATCH(A48,Don_hang!$A$2:$A$1000,0)),""))} -> Anh Trung Vista | D48: Cốt lết gừng tỏi | E48: 200g | F48: 1 | G48: =IFERROR(VALUE(SUBSTITUTE(E48,"g",""))*F48,"") -> 200 | H48: 58000 | I48: =IF(OR(F48="",H48=""),"",F48*H48) -> 58000 | J48: 39348.676 | K48: =IF(OR(F48="",J48=""),"",F48*J48) -> 39348.676 | L48: =IF(OR(H48="",J48=""),"",H48-J48) -> 18651.324 | M48: =IF(OR(F48="",L48=""),"",F48*L48) -> 18651.324 | N48: 0.1 | O48: =M48 - (I48 * N48) -> 12851.324 | P48: =IF(D48="","",IF(COUNTIF(Combo_tong_hop!$B$3:$B$100,D48)>0,"Combo","Món lẻ")) -> Món lẻ | Q48: =IFERROR(__xludf.DUMMYFUNCTION("IF(P48<>""Combo"","""",IFERROR(""""&TEXTJOIN("", ""&char(10),TRUE,FILTER(Combo_chi_tiet!$I$3:$I$200,Combo_chi_tiet!$B$3:$B$200=D48)),""""))"),"")
A49: DH0010 | B49: {=IF(A49="","",IFERROR(INDEX(Don_hang!$B$2:$B$1000,MATCH(A49,Don_hang!$A$2:$A$1000,0)),""))} -> 46100 | C49: {=IF(A49="","",IFERROR(INDEX(Don_hang!$C$2:$C$1000,MATCH(A49,Don_hang!$A$2:$A$1000,0)),""))} -> Phụng Huỳnh | D49: Tôm cajun | E49: 100g | F49: 1 | G49: =IFERROR(VALUE(SUBSTITUTE(E49,"g",""))*F49,"") -> 100 | H49: 59000 | I49: =IF(OR(F49="",H49=""),"",F49*H49) -> 59000 | J49: 47906.796 | K49: =IF(OR(F49="",J49=""),"",F49*J49) -> 47906.796 | L49: =IF(OR(H49="",J49=""),"",H49-J49) -> 11093.204 | M49: =IF(OR(F49="",L49=""),"",F49*L49) -> 11093.204 | N49: 0.1 | O49: =M49 - (I49 * N49) -> 5193.204 | P49: =IF(D49="","",IF(COUNTIF(Combo_tong_hop!$B$3:$B$100,D49)>0,"Combo","Món lẻ")) -> Món lẻ | Q49: =IFERROR(__xludf.DUMMYFUNCTION("IF(P49<>""Combo"","""",IFERROR(""""&TEXTJOIN("", ""&char(10),TRUE,FILTER(Combo_chi_tiet!$I$3:$I$200,Combo_chi_tiet!$B$3:$B$200=D49)),""""))"),"")
A50: DH0010 | B50: {=IF(A50="","",IFERROR(INDEX(Don_hang!$B$2:$B$1000,MATCH(A50,Don_hang!$A$2:$A$1000,0)),""))} -> 46100 | C50: {=IF(A50="","",IFERROR(INDEX(Don_hang!$C$2:$C$1000,MATCH(A50,Don_hang!$A$2:$A$1000,0)),""))} -> Phụng Huỳnh | D50: Tôm gừng tỏi | E50: 100g | F50: 1 | G50: =IFERROR(VALUE(SUBSTITUTE(E50,"g",""))*F50,"") -> 100 | H50: 59000 | I50: =IF(OR(F50="",H50=""),"",F50*H50) -> 59000 | J50: 47622.338 | K50: =IF(OR(F50="",J50=""),"",F50*J50) -> 47622.338 | L50: =IF(OR(H50="",J50=""),"",H50-J50) -> 11377.662 | M50: =IF(OR(F50="",L50=""),"",F50*L50) -> 11377.662 | N50: 0.1 | O50: =M50 - (I50 * N50) -> 5477.6619 | P50: =IF(D50="","",IF(COUNTIF(Combo_tong_hop!$B$3:$B$100,D50)>0,"Combo","Món lẻ")) -> Món lẻ | Q50: =IFERROR(__xludf.DUMMYFUNCTION("IF(P50<>""Combo"","""",IFERROR(""""&TEXTJOIN("", ""&char(10),TRUE,FILTER(Combo_chi_tiet!$I$3:$I$200,Combo_chi_tiet!$B$3:$B$200=D50)),""""))"),"")
A51: DH0010 | B51: {=IF(A51="","",IFERROR(INDEX(Don_hang!$B$2:$B$1000,MATCH(A51,Don_hang!$A$2:$A$1000,0)),""))} -> 46100 | C51: {=IF(A51="","",IFERROR(INDEX(Don_hang!$C$2:$C$1000,MATCH(A51,Don_hang!$A$2:$A$1000,0)),""))} -> Phụng Huỳnh | D51: Cá thu cà ri | E51: 100g | F51: 1 | G51: =IFERROR(VALUE(SUBSTITUTE(E51,"g",""))*F51,"") -> 100 | H51: 47000 | I51: =IF(OR(F51="",H51=""),"",F51*H51) -> 47000 | J51: 27906.796 | K51: =IF(OR(F51="",J51=""),"",F51*J51) -> 27906.796 | L51: =IF(OR(H51="",J51=""),"",H51-J51) -> 19093.204 | M51: =IF(OR(F51="",L51=""),"",F51*L51) -> 19093.204 | N51: 0.1 | O51: =M51 - (I51 * N51) -> 14393.204 | P51: =IF(D51="","",IF(COUNTIF(Combo_tong_hop!$B$3:$B$100,D51)>0,"Combo","Món lẻ")) -> Món lẻ | Q51: =IFERROR(__xludf.DUMMYFUNCTION("IF(P51<>""Combo"","""",IFERROR(""""&TEXTJOIN("", ""&char(10),TRUE,FILTER(Combo_chi_tiet!$I$3:$I$200,Combo_chi_tiet!$B$3:$B$200=D51)),""""))"),"")
A52: DH0010 | B52: {=IF(A52="","",IFERROR(INDEX(Don_hang!$B$2:$B$1000,MATCH(A52,Don_hang!$A$2:$A$1000,0)),""))} -> 46100 | C52: {=IF(A52="","",IFERROR(INDEX(Don_hang!$C$2:$C$1000,MATCH(A52,Don_hang!$A$2:$A$1000,0)),""))} -> Phụng Huỳnh | D52: Ứ́c gà gừng tỏi | E52: 100g | F52: 1 | G52: =IFERROR(VALUE(SUBSTITUTE(E52,"g",""))*F52,"") -> 100 | H52: 25000 | I52: =IF(OR(F52="",H52=""),"",F52*H52) -> 25000 | J52: 15874.338 | K52: =IF(OR(F52="",J52=""),"",F52*J52) -> 15874.338 | L52: =IF(OR(H52="",J52=""),"",H52-J52) -> 9125.6619 | M52: =IF(OR(F52="",L52=""),"",F52*L52) -> 9125.6619 | N52: 0.1 | O52: =M52 - (I52 * N52) -> 6625.6619 | P52: =IF(D52="","",IF(COUNTIF(Combo_tong_hop!$B$3:$B$100,D52)>0,"Combo","Món lẻ")) -> Món lẻ | Q52: =IFERROR(__xludf.DUMMYFUNCTION("IF(P52<>""Combo"","""",IFERROR(""""&TEXTJOIN("", ""&char(10),TRUE,FILTER(Combo_chi_tiet!$I$3:$I$200,Combo_chi_tiet!$B$3:$B$200=D52)),""""))"),"")
A53: DH0010 | B53: {=IF(A53="","",IFERROR(INDEX(Don_hang!$B$2:$B$1000,MATCH(A53,Don_hang!$A$2:$A$1000,0)),""))} -> 46100 | C53: {=IF(A53="","",IFERROR(INDEX(Don_hang!$C$2:$C$1000,MATCH(A53,Don_hang!$A$2:$A$1000,0)),""))} -> Phụng Huỳnh | D53: Ức gà ngũ vị | E53: 100g | F53: 1 | G53: =IFERROR(VALUE(SUBSTITUTE(E53,"g",""))*F53,"") -> 100 | H53: 25000 | I53: =IF(OR(F53="",H53=""),"",F53*H53) -> 25000 | J53: 16203.894 | K53: =IF(OR(F53="",J53=""),"",F53*J53) -> 16203.894 | L53: =IF(OR(H53="",J53=""),"",H53-J53) -> 8796.1061 | M53: =IF(OR(F53="",L53=""),"",F53*L53) -> 8796.1061 | N53: 0.1 | O53: =M53 - (I53 * N53) -> 6296.1061 | P53: =IF(D53="","",IF(COUNTIF(Combo_tong_hop!$B$3:$B$100,D53)>0,"Combo","Món lẻ")) -> Món lẻ | Q53: =IFERROR(__xludf.DUMMYFUNCTION("IF(P53<>""Combo"","""",IFERROR(""""&TEXTJOIN("", ""&char(10),TRUE,FILTER(Combo_chi_tiet!$I$3:$I$200,Combo_chi_tiet!$B$3:$B$200=D53)),""""))"),"")
A54: DH0011 | B54: {=IF(A54="","",IFERROR(INDEX(Don_hang!$B$2:$B$1000,MATCH(A54,Don_hang!$A$2:$A$1000,0)),""))} -> 46100 | C54: {=IF(A54="","",IFERROR(INDEX(Don_hang!$C$2:$C$1000,MATCH(A54,Don_hang!$A$2:$A$1000,0)),""))} -> Bé Quỳnh | D54: Ức gà cajun | E54: 150g | F54: 1 | G54: =IFERROR(VALUE(SUBSTITUTE(E54,"g",""))*F54,"") -> 150 | H54: 36000 | I54: =IF(OR(F54="",H54=""),"",F54*H54) -> 36000 | J54: 24688.194 | K54: =IF(OR(F54="",J54=""),"",F54*J54) -> 24688.194 | L54: =IF(OR(H54="",J54=""),"",H54-J54) -> 11311.806 | M54: =IF(OR(F54="",L54=""),"",F54*L54) -> 11311.806 | N54: 0.1 | O54: =M54 - (I54 * N54) -> 7711.806 | P54: =IF(D54="","",IF(COUNTIF(Combo_tong_hop!$B$3:$B$100,D54)>0,"Combo","Món lẻ")) -> Món lẻ | Q54: =IFERROR(__xludf.DUMMYFUNCTION("IF(P54<>""Combo"","""",IFERROR(""""&TEXTJOIN("", ""&char(10),TRUE,FILTER(Combo_chi_tiet!$I$3:$I$200,Combo_chi_tiet!$B$3:$B$200=D54)),""""))"),"")
A55: DH0011 | B55: {=IF(A55="","",IFERROR(INDEX(Don_hang!$B$2:$B$1000,MATCH(A55,Don_hang!$A$2:$A$1000,0)),""))} -> 46100 | C55: {=IF(A55="","",IFERROR(INDEX(Don_hang!$C$2:$C$1000,MATCH(A55,Don_hang!$A$2:$A$1000,0)),""))} -> Bé Quỳnh | D55: Ức gà ngũ vị | E55: 150g | F55: 1 | G55: =IFERROR(VALUE(SUBSTITUTE(E55,"g",""))*F55,"") -> 150 | H55: 36000 | I55: =IF(OR(F55="",H55=""),"",F55*H55) -> 36000 | J55: 24305.841 | K55: =IF(OR(F55="",J55=""),"",F55*J55) -> 24305.841 | L55: =IF(OR(H55="",J55=""),"",H55-J55) -> 11694.159 | M55: =IF(OR(F55="",L55=""),"",F55*L55) -> 11694.159 | N55: 0.1 | O55: =M55 - (I55 * N55) -> 8094.1592 | P55: =IF(D55="","",IF(COUNTIF(Combo_tong_hop!$B$3:$B$100,D55)>0,"Combo","Món lẻ")) -> Món lẻ | Q55: =IFERROR(__xludf.DUMMYFUNCTION("IF(P55<>""Combo"","""",IFERROR(""""&TEXTJOIN("", ""&char(10),TRUE,FILTER(Combo_chi_tiet!$I$3:$I$200,Combo_chi_tiet!$B$3:$B$200=D55)),""""))"),"")
A56: DH0011 | B56: {=IF(A56="","",IFERROR(INDEX(Don_hang!$B$2:$B$1000,MATCH(A56,Don_hang!$A$2:$A$1000,0)),""))} -> 46100 | C56: {=IF(A56="","",IFERROR(INDEX(Don_hang!$C$2:$C$1000,MATCH(A56,Don_hang!$A$2:$A$1000,0)),""))} -> Bé Quỳnh | D56: Ức gà̀ cà ri | E56: 150g | F56: 1 | G56: =IFERROR(VALUE(SUBSTITUTE(E56,"g",""))*F56,"") -> 150 | H56: 36000 | I56: =IF(OR(F56="",H56=""),"",F56*H56) -> 36000 | J56: 23654.327 | K56: =IF(OR(F56="",J56=""),"",F56*J56) -> 23654.327 | L56: =IF(OR(H56="",J56=""),"",H56-J56) -> 12345.673 | M56: =IF(OR(F56="",L56=""),"",F56*L56) -> 12345.673 | N56: 0.1 | O56: =M56 - (I56 * N56) -> 8745.6735 | P56: =IF(D56="","",IF(COUNTIF(Combo_tong_hop!$B$3:$B$100,D56)>0,"Combo","Món lẻ")) -> Món lẻ | Q56: =IFERROR(__xludf.DUMMYFUNCTION("IF(P56<>""Combo"","""",IFERROR(""""&TEXTJOIN("", ""&char(10),TRUE,FILTER(Combo_chi_tiet!$I$3:$I$200,Combo_chi_tiet!$B$3:$B$200=D56)),""""))"),"")
A57: DH0012 | B57: {=IF(A57="","",IFERROR(INDEX(Don_hang!$B$2:$B$1000,MATCH(A57,Don_hang!$A$2:$A$1000,0)),""))} -> 20/03/2026 | C57: {=IF(A57="","",IFERROR(INDEX(Don_hang!$C$2:$C$1000,MATCH(A57,Don_hang!$A$2:$A$1000,0)),""))} -> Mai Thị Khuyên | D57: Ứ́c gà gừng tỏi | E57: 150g | F57: 1 | G57: =IFERROR(VALUE(SUBSTITUTE(E57,"g",""))*F57,"") -> 150 | H57: 36000 | I57: =IF(OR(F57="",H57=""),"",F57*H57) -> 36000 | J57: 23811.507 | K57: =IF(OR(F57="",J57=""),"",F57*J57) -> 23811.507 | L57: =IF(OR(H57="",J57=""),"",H57-J57) -> 12188.493 | M57: =IF(OR(F57="",L57=""),"",F57*L57) -> 12188.493 | N57: 0.1 | O57: =M57 - (I57 * N57) -> 8588.4929 | P57: =IF(D57="","",IF(COUNTIF(Combo_tong_hop!$B$3:$B$100,D57)>0,"Combo","Món lẻ")) -> Món lẻ | Q57: =IFERROR(__xludf.DUMMYFUNCTION("IF(P57<>""Combo"","""",IFERROR(""""&TEXTJOIN("", ""&char(10),TRUE,FILTER(Combo_chi_tiet!$I$3:$I$200,Combo_chi_tiet!$B$3:$B$200=D57)),""""))"),"")
A58: DH0012 | B58: {=IF(A58="","",IFERROR(INDEX(Don_hang!$B$2:$B$1000,MATCH(A58,Don_hang!$A$2:$A$1000,0)),""))} -> 20/03/2026 | C58: {=IF(A58="","",IFERROR(INDEX(Don_hang!$C$2:$C$1000,MATCH(A58,Don_hang!$A$2:$A$1000,0)),""))} -> Mai Thị Khuyên | D58: Ức gà ngũ vị | E58: 150g | F58: 1 | G58: =IFERROR(VALUE(SUBSTITUTE(E58,"g",""))*F58,"") -> 150 | H58: 36000 | I58: =IF(OR(F58="",H58=""),"",F58*H58) -> 36000 | J58: 24305.841 | K58: =IF(OR(F58="",J58=""),"",F58*J58) -> 24305.841 | L58: =IF(OR(H58="",J58=""),"",H58-J58) -> 11694.159 | M58: =IF(OR(F58="",L58=""),"",F58*L58) -> 11694.159 | N58: 0.1 | O58: =M58 - (I58 * N58) -> 8094.1592 | P58: =IF(D58="","",IF(COUNTIF(Combo_tong_hop!$B$3:$B$100,D58)>0,"Combo","Món lẻ")) -> Món lẻ | Q58: =IFERROR(__xludf.DUMMYFUNCTION("IF(P58<>""Combo"","""",IFERROR(""""&TEXTJOIN("", ""&char(10),TRUE,FILTER(Combo_chi_tiet!$I$3:$I$200,Combo_chi_tiet!$B$3:$B$200=D58)),""""))"),"")
A59: DH0012 | B59: {=IF(A59="","",IFERROR(INDEX(Don_hang!$B$2:$B$1000,MATCH(A59,Don_hang!$A$2:$A$1000,0)),""))} -> 20/03/2026 | C59: {=IF(A59="","",IFERROR(INDEX(Don_hang!$C$2:$C$1000,MATCH(A59,Don_hang!$A$2:$A$1000,0)),""))} -> Mai Thị Khuyên | D59: Ức gà cajun | E59: 150g | F59: 1 | G59: =IFERROR(VALUE(SUBSTITUTE(E59,"g",""))*F59,"") -> 150 | H59: 36000 | I59: =IF(OR(F59="",H59=""),"",F59*H59) -> 36000 | J59: 24688.194 | K59: =IF(OR(F59="",J59=""),"",F59*J59) -> 24688.194 | L59: =IF(OR(H59="",J59=""),"",H59-J59) -> 11311.806 | M59: =IF(OR(F59="",L59=""),"",F59*L59) -> 11311.806 | N59: 0.1 | O59: =M59 - (I59 * N59) -> 7711.806 | P59: =IF(D59="","",IF(COUNTIF(Combo_tong_hop!$B$3:$B$100,D59)>0,"Combo","Món lẻ")) -> Món lẻ | Q59: =IFERROR(__xludf.DUMMYFUNCTION("IF(P59<>""Combo"","""",IFERROR(""""&TEXTJOIN("", ""&char(10),TRUE,FILTER(Combo_chi_tiet!$I$3:$I$200,Combo_chi_tiet!$B$3:$B$200=D59)),""""))"),"")
A60: DH0012 | B60: {=IF(A60="","",IFERROR(INDEX(Don_hang!$B$2:$B$1000,MATCH(A60,Don_hang!$A$2:$A$1000,0)),""))} -> 20/03/2026 | C60: {=IF(A60="","",IFERROR(INDEX(Don_hang!$C$2:$C$1000,MATCH(A60,Don_hang!$A$2:$A$1000,0)),""))} -> Mai Thị Khuyên | D60: Thăn bò ngũ vị | E60: 150g | F60: 1 | G60: =IFERROR(VALUE(SUBSTITUTE(E60,"g",""))*F60,"") -> 150 | H60: 87000 | I60: =IF(OR(F60="",H60=""),"",F60*H60) -> 87000 | J60: 56055.613 | K60: =IF(OR(F60="",J60=""),"",F60*J60) -> 56055.613 | L60: =IF(OR(H60="",J60=""),"",H60-J60) -> 30944.387 | M60: =IF(OR(F60="",L60=""),"",F60*L60) -> 30944.387 | N60: 0.1 | O60: =M60 - (I60 * N60) -> 22244.387 | P60: =IF(D60="","",IF(COUNTIF(Combo_tong_hop!$B$3:$B$100,D60)>0,"Combo","Món lẻ")) -> Món lẻ | Q60: =IFERROR(__xludf.DUMMYFUNCTION("IF(P60<>""Combo"","""",IFERROR(""""&TEXTJOIN("", ""&char(10),TRUE,FILTER(Combo_chi_tiet!$I$3:$I$200,Combo_chi_tiet!$B$3:$B$200=D60)),""""))"),"")
A61: DH0012 | B61: {=IF(A61="","",IFERROR(INDEX(Don_hang!$B$2:$B$1000,MATCH(A61,Don_hang!$A$2:$A$1000,0)),""))} -> 20/03/2026 | C61: {=IF(A61="","",IFERROR(INDEX(Don_hang!$C$2:$C$1000,MATCH(A61,Don_hang!$A$2:$A$1000,0)),""))} -> Mai Thị Khuyên | D61: Tôm gừng tỏi | E61: 150g | F61: 1 | G61: =IFERROR(VALUE(SUBSTITUTE(E61,"g",""))*F61,"") -> 150 | H61: 86000 | I61: =IF(OR(F61="",H61=""),"",F61*H61) -> 86000 | J61: 71433.507 | K61: =IF(OR(F61="",J61=""),"",F61*J61) -> 71433.507 | L61: =IF(OR(H61="",J61=""),"",H61-J61) -> 14566.493 | M61: =IF(OR(F61="",L61=""),"",F61*L61) -> 14566.493 | N61: 0.1 | O61: =M61 - (I61 * N61) -> 5966.4929 | P61: =IF(D61="","",IF(COUNTIF(Combo_tong_hop!$B$3:$B$100,D61)>0,"Combo","Món lẻ")) -> Món lẻ | Q61: =IFERROR(__xludf.DUMMYFUNCTION("IF(P61<>""Combo"","""",IFERROR(""""&TEXTJOIN("", ""&char(10),TRUE,FILTER(Combo_chi_tiet!$I$3:$I$200,Combo_chi_tiet!$B$3:$B$200=D61)),""""))"),"")
A62: DH0013 | B62: {=IF(A62="","",IFERROR(INDEX(Don_hang!$B$2:$B$1000,MATCH(A62,Don_hang!$A$2:$A$1000,0)),""))} -> 21/03/2026 | C62: Bích Trinh | D62: Nạc heo sả nghệ | E62: 200g | F62: 1 | G62: =IFERROR(VALUE(SUBSTITUTE(E62,"g",""))*F62,"") -> 200 | H62: 58000 | I62: =IF(OR(F62="",H62=""),"",F62*H62) -> 58000 | J62: 37021.792 | K62: =IF(OR(F62="",J62=""),"",F62*J62) -> 37021.792 | L62: =IF(OR(H62="",J62=""),"",H62-J62) -> 20978.208 | M62: =IF(OR(F62="",L62=""),"",F62*L62) -> 20978.208 | N62: 0.1 | O62: =M62 - (I62 * N62) -> 15178.208 | P62: =IF(D62="","",IF(COUNTIF(Combo_tong_hop!$B$3:$B$100,D62)>0,"Combo","Món lẻ")) -> Món lẻ | Q62: =IFERROR(__xludf.DUMMYFUNCTION("IF(P62<>""Combo"","""",IFERROR(""""&TEXTJOIN("", ""&char(10),TRUE,FILTER(Combo_chi_tiet!$I$3:$I$200,Combo_chi_tiet!$B$3:$B$200=D62)),""""))"),"")
A63: DH0013 | B63: {=IF(A63="","",IFERROR(INDEX(Don_hang!$B$2:$B$1000,MATCH(A63,Don_hang!$A$2:$A$1000,0)),""))} -> 21/03/2026 | C63: {=IF(A63="","",IFERROR(INDEX(Don_hang!$C$2:$C$1000,MATCH(A63,Don_hang!$A$2:$A$1000,0)),""))} -> Bích Trinh | D63: Nạ̣c heo ngũ vị | E63: 150g | F63: 1 | G63: =IFERROR(VALUE(SUBSTITUTE(E63,"g",""))*F63,"") -> 150 | H63: 44000 | I63: =IF(OR(F63="",H63=""),"",F63*H63) -> 44000 | J63: 30305.841 | K63: =IF(OR(F63="",J63=""),"",F63*J63) -> 30305.841 | L63: =IF(OR(H63="",J63=""),"",H63-J63) -> 13694.159 | M63: =IF(OR(F63="",L63=""),"",F63*L63) -> 13694.159 | N63: 0.1 | O63: =M63 - (I63 * N63) -> 9294.1592 | P63: =IF(D63="","",IF(COUNTIF(Combo_tong_hop!$B$3:$B$100,D63)>0,"Combo","Món lẻ")) -> Món lẻ | Q63: =IFERROR(__xludf.DUMMYFUNCTION("IF(P63<>""Combo"","""",IFERROR(""""&TEXTJOIN("", ""&char(10),TRUE,FILTER(Combo_chi_tiet!$I$3:$I$200,Combo_chi_tiet!$B$3:$B$200=D63)),""""))"),"")
A64: DH0013 | B64: {=IF(A64="","",IFERROR(INDEX(Don_hang!$B$2:$B$1000,MATCH(A64,Don_hang!$A$2:$A$1000,0)),""))} -> 21/03/2026 | C64: {=IF(A64="","",IFERROR(INDEX(Don_hang!$C$2:$C$1000,MATCH(A64,Don_hang!$A$2:$A$1000,0)),""))} -> Bích Trinh | D64: Thăn bò ngũ vị | E64: 121g | F64: 2 | G64: =IFERROR(VALUE(SUBSTITUTE(E64,"g",""))*F64,"") -> 242 | H64: 71390 | I64: =IF(OR(F64="",H64=""),"",F64*H64) -> 142780 | J64: 44165 | K64: =IF(OR(F64="",J64=""),"",F64*J64) -> 88330 | L64: =IF(OR(H64="",J64=""),"",H64-J64) -> 27225 | M64: =IF(OR(F64="",L64=""),"",F64*L64) -> 54450 | N64: 0.1 | O64: =M64 - (I64 * N64) -> 40172 | P64: =IF(D64="","",IF(COUNTIF(Combo_tong_hop!$B$3:$B$100,D64)>0,"Combo","Món lẻ")) -> Món lẻ | Q64: =IFERROR(__xludf.DUMMYFUNCTION("IF(P64<>""Combo"","""",IFERROR(""""&TEXTJOIN("", ""&char(10),TRUE,FILTER(Combo_chi_tiet!$I$3:$I$200,Combo_chi_tiet!$B$3:$B$200=D64)),""""))"),"")
A65: DH0013 | B65: {=IF(A65="","",IFERROR(INDEX(Don_hang!$B$2:$B$1000,MATCH(A65,Don_hang!$A$2:$A$1000,0)),""))} -> 21/03/2026 | C65: {=IF(A65="","",IFERROR(INDEX(Don_hang!$C$2:$C$1000,MATCH(A65,Don_hang!$A$2:$A$1000,0)),""))} -> Bích Trinh | D65: Tôm gừng tỏi | E65: 108g | F65: 1 | G65: =IFERROR(VALUE(SUBSTITUTE(E65,"g",""))*F65,"") -> 108 | H65: 63720 | I65: =IF(OR(F65="",H65=""),"",F65*H65) -> 63720 | J65: 51516 | K65: =IF(OR(F65="",J65=""),"",F65*J65) -> 51516 | L65: =IF(OR(H65="",J65=""),"",H65-J65) -> 12204 | M65: =IF(OR(F65="",L65=""),"",F65*L65) -> 12204 | N65: 0.1 | O65: =M65 - (I65 * N65) -> 5832 | P65: =IF(D65="","",IF(COUNTIF(Combo_tong_hop!$B$3:$B$100,D65)>0,"Combo","Món lẻ")) -> Món lẻ | Q65: =IFERROR(__xludf.DUMMYFUNCTION("IF(P65<>""Combo"","""",IFERROR(""""&TEXTJOIN("", ""&char(10),TRUE,FILTER(Combo_chi_tiet!$I$3:$I$200,Combo_chi_tiet!$B$3:$B$200=D65)),""""))"),"")
A66: DH0014 | B66: {=IF(A66="","",IFERROR(INDEX(Don_hang!$B$2:$B$1000,MATCH(A66,Don_hang!$A$2:$A$1000,0)),""))} -> 21/03/2026 | C66: {=IF(A66="","",IFERROR(INDEX(Don_hang!$C$2:$C$1000,MATCH(A66,Don_hang!$A$2:$A$1000,0)),""))} -> Bé Huyền (Q2) | D66: Tôm cajun | E66: 80g | F66: 1 | G66: =IFERROR(VALUE(SUBSTITUTE(E66,"g",""))*F66,"") -> 80 | H66: 20000 | I66: =IF(OR(F66="",H66=""),"",F66*H66) -> 20000 | J66: 11700 | K66: =IF(OR(F66="",J66=""),"",F66*J66) -> 11700 | L66: =IF(OR(H66="",J66=""),"",H66-J66) -> 8300 | M66: =IF(OR(F66="",L66=""),"",F66*L66) -> 8300 | N66: 0.1 | O66: =M66 - (I66 * N66) -> 6300 | P66: =IF(D66="","",IF(COUNTIF(Combo_tong_hop!$B$3:$B$100,D66)>0,"Combo","Món lẻ")) -> Món lẻ | Q66: =IFERROR(__xludf.DUMMYFUNCTION("IF(P66<>""Combo"","""",IFERROR(""""&TEXTJOIN("", ""&char(10),TRUE,FILTER(Combo_chi_tiet!$I$3:$I$200,Combo_chi_tiet!$B$3:$B$200=D66)),""""))"),"")
A67: DH0014 | B67: {=IF(A67="","",IFERROR(INDEX(Don_hang!$B$2:$B$1000,MATCH(A67,Don_hang!$A$2:$A$1000,0)),""))} -> 21/03/2026 | C67: {=IF(A67="","",IFERROR(INDEX(Don_hang!$C$2:$C$1000,MATCH(A67,Don_hang!$A$2:$A$1000,0)),""))} -> Bé Huyền (Q2) | D67: Nạ̣c heo ngũ vị | E67: 100g | F67: 1 | G67: =IFERROR(VALUE(SUBSTITUTE(E67,"g",""))*F67,"") -> 100 | H67: 30000 | I67: =IF(OR(F67="",H67=""),"",F67*H67) -> 30000 | J67: 20203.894 | K67: =IF(OR(F67="",J67=""),"",F67*J67) -> 20203.894 | L67: =IF(OR(H67="",J67=""),"",H67-J67) -> 9796.1061 | M67: =IF(OR(F67="",L67=""),"",F67*L67) -> 9796.1061 | N67: 0.1 | O67: =M67 - (I67 * N67) -> 6796.1061 | P67: =IF(D67="","",IF(COUNTIF(Combo_tong_hop!$B$3:$B$100,D67)>0,"Combo","Món lẻ")) -> Món lẻ | Q67: =IFERROR(__xludf.DUMMYFUNCTION("IF(P67<>""Combo"","""",IFERROR(""""&TEXTJOIN("", ""&char(10),TRUE,FILTER(Combo_chi_tiet!$I$3:$I$200,Combo_chi_tiet!$B$3:$B$200=D67)),""""))"),"")
A68: DH0014 | B68: {=IF(A68="","",IFERROR(INDEX(Don_hang!$B$2:$B$1000,MATCH(A68,Don_hang!$A$2:$A$1000,0)),""))} -> 21/03/2026 | C68: {=IF(A68="","",IFERROR(INDEX(Don_hang!$C$2:$C$1000,MATCH(A68,Don_hang!$A$2:$A$1000,0)),""))} -> Bé Huyền (Q2) | D68: Ứ́c gà gừng tỏi | E68: 100g | F68: 1 | G68: =IFERROR(VALUE(SUBSTITUTE(E68,"g",""))*F68,"") -> 100 | H68: 25000 | I68: =IF(OR(F68="",H68=""),"",F68*H68) -> 25000 | J68: 15874.338 | K68: =IF(OR(F68="",J68=""),"",F68*J68) -> 15874.338 | L68: =IF(OR(H68="",J68=""),"",H68-J68) -> 9125.6619 | M68: =IF(OR(F68="",L68=""),"",F68*L68) -> 9125.6619 | N68: 0.1 | O68: =M68 - (I68 * N68) -> 6625.6619 | P68: =IF(D68="","",IF(COUNTIF(Combo_tong_hop!$B$3:$B$100,D68)>0,"Combo","Món lẻ")) -> Món lẻ | Q68: =IFERROR(__xludf.DUMMYFUNCTION("IF(P68<>""Combo"","""",IFERROR(""""&TEXTJOIN("", ""&char(10),TRUE,FILTER(Combo_chi_tiet!$I$3:$I$200,Combo_chi_tiet!$B$3:$B$200=D68)),""""))"),"")
A69: DH0014 | B69: {=IF(A69="","",IFERROR(INDEX(Don_hang!$B$2:$B$1000,MATCH(A69,Don_hang!$A$2:$A$1000,0)),""))} -> 21/03/2026 | C69: {=IF(A69="","",IFERROR(INDEX(Don_hang!$C$2:$C$1000,MATCH(A69,Don_hang!$A$2:$A$1000,0)),""))} -> Bé Huyền (Q2) | D69: Cốt lết gừng tỏi | E69: 135g | F69: 1 | G69: =IFERROR(VALUE(SUBSTITUTE(E69,"g",""))*F69,"") -> 135 | H69: 40500 | I69: =IF(OR(F69="",H69=""),"",F69*H69) -> 40500 | J69: 24435 | K69: =IF(OR(F69="",J69=""),"",F69*J69) -> 24435 | L69: =IF(OR(H69="",J69=""),"",H69-J69) -> 16065 | M69: =IF(OR(F69="",L69=""),"",F69*L69) -> 16065 | N69: 0.1 | O69: =M69 - (I69 * N69) -> 12015 | P69: =IF(D69="","",IF(COUNTIF(Combo_tong_hop!$B$3:$B$100,D69)>0,"Combo","Món lẻ")) -> Món lẻ | Q69: =IFERROR(__xludf.DUMMYFUNCTION("IF(P69<>""Combo"","""",IFERROR(""""&TEXTJOIN("", ""&char(10),TRUE,FILTER(Combo_chi_tiet!$I$3:$I$200,Combo_chi_tiet!$B$3:$B$200=D69)),""""))"),"")
A70: DH0015 | B70: {=IF(A70="","",IFERROR(INDEX(Don_hang!$B$2:$B$1000,MATCH(A70,Don_hang!$A$2:$A$1000,0)),""))} -> 23/03/2026 | C70: {=IF(A70="","",IFERROR(INDEX(Don_hang!$C$2:$C$1000,MATCH(A70,Don_hang!$A$2:$A$1000,0)),""))} -> Ms. Vân (Q1) | D70: Thăn bò̀ cajun | E70: 120g | F70: 2 | G70: =IFERROR(VALUE(SUBSTITUTE(E70,"g",""))*F70,"") -> 240 | H70: 70800 | I70: =IF(OR(F70="",H70=""),"",F70*H70) -> 141600 | J70: 44040 | K70: =IF(OR(F70="",J70=""),"",F70*J70) -> 88080 | L70: =IF(OR(H70="",J70=""),"",H70-J70) -> 26760 | M70: =IF(OR(F70="",L70=""),"",F70*L70) -> 53520 | N70: 0.1 | O70: =M70 - (I70 * N70) -> 39360 | P70: =IF(D70="","",IF(COUNTIF(Combo_tong_hop!$B$3:$B$100,D70)>0,"Combo","Món lẻ")) -> Món lẻ | Q70: =IFERROR(__xludf.DUMMYFUNCTION("IF(P70<>""Combo"","""",IFERROR(""""&TEXTJOIN("", ""&char(10),TRUE,FILTER(Combo_chi_tiet!$I$3:$I$200,Combo_chi_tiet!$B$3:$B$200=D70)),""""))"),"")
A71: DH0015 | B71: {=IF(A71="","",IFERROR(INDEX(Don_hang!$B$2:$B$1000,MATCH(A71,Don_hang!$A$2:$A$1000,0)),""))} -> 23/03/2026 | C71: {=IF(A71="","",IFERROR(INDEX(Don_hang!$C$2:$C$1000,MATCH(A71,Don_hang!$A$2:$A$1000,0)),""))} -> Ms. Vân (Q1) | D71: Ức gà̀ cà ri | E71: 150g | F71: 1 | G71: =IFERROR(VALUE(SUBSTITUTE(E71,"g",""))*F71,"") -> 150 | H71: 36000 | I71: =IF(OR(F71="",H71=""),"",F71*H71) -> 36000 | J71: 23654.327 | K71: =IF(OR(F71="",J71=""),"",F71*J71) -> 23654.327 | L71: =IF(OR(H71="",J71=""),"",H71-J71) -> 12345.673 | M71: =IF(OR(F71="",L71=""),"",F71*L71) -> 12345.673 | N71: 0.1 | O71: =M71 - (I71 * N71) -> 8745.6735 | P71: =IF(D71="","",IF(COUNTIF(Combo_tong_hop!$B$3:$B$100,D71)>0,"Combo","Món lẻ")) -> Món lẻ | Q71: =IFERROR(__xludf.DUMMYFUNCTION("IF(P71<>""Combo"","""",IFERROR(""""&TEXTJOIN("", ""&char(10),TRUE,FILTER(Combo_chi_tiet!$I$3:$I$200,Combo_chi_tiet!$B$3:$B$200=D71)),""""))"),"")
A72: DH0015 | B72: {=IF(A72="","",IFERROR(INDEX(Don_hang!$B$2:$B$1000,MATCH(A72,Don_hang!$A$2:$A$1000,0)),""))} -> 23/03/2026 | C72: {=IF(A72="","",IFERROR(INDEX(Don_hang!$C$2:$C$1000,MATCH(A72,Don_hang!$A$2:$A$1000,0)),""))} -> Ms. Vân (Q1) | D72: Ức gà ngũ vị | E72: 136g | F72: 1 | G72: =IFERROR(VALUE(SUBSTITUTE(E72,"g",""))*F72,"") -> 136 | H72: 34000 | I72: =IF(OR(F72="",H72=""),"",F72*H72) -> 34000 | J72: 19992 | K72: =IF(OR(F72="",J72=""),"",F72*J72) -> 19992 | L72: =IF(OR(H72="",J72=""),"",H72-J72) -> 14008 | M72: =IF(OR(F72="",L72=""),"",F72*L72) -> 14008 | N72: 0.1 | O72: =M72 - (I72 * N72) -> 10608 | P72: =IF(D72="","",IF(COUNTIF(Combo_tong_hop!$B$3:$B$100,D72)>0,"Combo","Món lẻ")) -> Món lẻ | Q72: =IFERROR(__xludf.DUMMYFUNCTION("IF(P72<>""Combo"","""",IFERROR(""""&TEXTJOIN("", ""&char(10),TRUE,FILTER(Combo_chi_tiet!$I$3:$I$200,Combo_chi_tiet!$B$3:$B$200=D72)),""""))"),"")
A73: DH0015 | B73: {=IF(A73="","",IFERROR(INDEX(Don_hang!$B$2:$B$1000,MATCH(A73,Don_hang!$A$2:$A$1000,0)),""))} -> 23/03/2026 | C73: {=IF(A73="","",IFERROR(INDEX(Don_hang!$C$2:$C$1000,MATCH(A73,Don_hang!$A$2:$A$1000,0)),""))} -> Ms. Vân (Q1) | D73: Nạc heo sả nghệ | E73: 115g | F73: 1 | G73: =IFERROR(VALUE(SUBSTITUTE(E73,"g",""))*F73,"") -> 115 | H73: 34500 | I73: =IF(OR(F73="",H73=""),"",F73*H73) -> 34500 | J73: 20700 | K73: =IF(OR(F73="",J73=""),"",F73*J73) -> 20700 | L73: =IF(OR(H73="",J73=""),"",H73-J73) -> 13800 | M73: =IF(OR(F73="",L73=""),"",F73*L73) -> 13800 | N73: 0.1 | O73: =M73 - (I73 * N73) -> 10350 | P73: =IF(D73="","",IF(COUNTIF(Combo_tong_hop!$B$3:$B$100,D73)>0,"Combo","Món lẻ")) -> Món lẻ | Q73: =IFERROR(__xludf.DUMMYFUNCTION("IF(P73<>""Combo"","""",IFERROR(""""&TEXTJOIN("", ""&char(10),TRUE,FILTER(Combo_chi_tiet!$I$3:$I$200,Combo_chi_tiet!$B$3:$B$200=D73)),""""))"),"")
